"n","dates","x","y","mag","event_id","Cluster_Number","cluster_ref","ms_ref","sig.mag","optional"
0,-315446400,15.3,39.3,6.34,0,0,0,0,0.23,TRUE
1,-315187200,12.7,46.4833,4.69,1,1,1,1,0.14,TRUE
3,-314755200,13.9833,41.3,5,3,2,1,1,0.34,TRUE
5,-312508800,12.6,42.9833,4.3,5,0,0,0,0.34,TRUE
6,-311558400,14.3167,45.5833,4.8,6,0,0,0,0.34,TRUE
7,-311385600,10.45,45.7333,4.64,7,0,0,0,0.23,TRUE
8,-310953600,12.9333,43.1667,4,8,0,0,0,0.34,TRUE
9,-309484800,13.2333,42.65,4.36,9,3,1,1,0.22,TRUE
10,-309312000,13.25,42.0333,4.8,10,0,0,0,0.34,TRUE
12,-308534400,8.0667,46.3167,5.28,12,0,0,0,0.14,TRUE
13,-306550800,12.2833,43.75,4.3,13,0,0,0,0.34,TRUE
14,-305859600,12.5333,42.6833,4.3,14,0,0,0,0.34,TRUE
15,-305254800,11.75,44.1667,4.3,15,0,0,0,0.34,TRUE
17,-298947600,12.55,42.7167,4.71,17,4,1,1,0.23,TRUE
18,-298774800,13.0167,46.4167,4.58,18,0,0,0,0.23,TRUE
21,-297824400,15.1,37.7,4.3,21,0,0,0,0.34,TRUE
23,-289526400,11.3,44,4.81,23,0,0,0,0.16,TRUE
24,-286416000,12.75,42.8333,4.22,24,0,0,0,0.22,TRUE
25,-286070400,12.5,43.75,4.3,25,0,0,0,0.34,TRUE
26,-281577600,14.1,41.6,4.34,26,0,0,0,0.23,TRUE
27,-277689600,10.9,46.8,4.1,27,0,0,0,0.34,TRUE
28,-276998400,12.6,43.5833,4.07,28,0,0,0,0.21,TRUE
29,-276912000,15.6,38.15,5.14,29,0,0,0,0.23,TRUE
30,-275792400,13.3833,41.9667,4.8,30,5,1,1,0.34,TRUE
34,-274842000,13.95,40.6833,4.74,34,0,0,0,0.23,TRUE
35,-273027600,11.9333,44.1,4.39,35,0,0,0,0.17,TRUE
36,-271213200,11.5,44.25,4.16,36,0,0,0,0.21,TRUE
37,-265510800,10.2,44.2,4.3,37,0,0,0,0.34,TRUE
38,-264992400,10.4,46.6,4.9,38,0,0,0,0.34,TRUE
39,-264646800,10.25,44.8,4.24,39,0,0,0,0.23,TRUE
40,-264128400,16.1667,40.6333,4.74,40,0,0,0,0.23,TRUE
41,-257817600,13.0833,42.4167,4.64,41,6,1,1,0.23,TRUE
43,-255830400,9.5667,45.7167,4.3,43,0,0,0,0.34,TRUE
44,-250905600,15.7,41.6667,4.44,44,0,0,0,0.23,TRUE
45,-250560000,13.3833,44.25,5.14,45,0,0,0,0.23,TRUE
46,-245289600,14.4833,39.1167,5.74,46,0,0,0,0.23,TRUE
47,-243306000,17.3667,42.45,5.64,47,0,0,0,0.23,TRUE
48,-242614800,7.4,46.1667,4.14,48,0,0,0,0.23,TRUE
49,-241923600,7.85,46.25,4.14,49,0,0,0,0.23,TRUE
50,-241232400,11.1667,44.2,4.71,50,0,0,0,0.14,TRUE
51,-237344400,13.05,42.8333,4.14,51,0,0,0,0.23,TRUE
54,-232419600,14.9333,41.2333,6.21,54,7,1,1,0.15,TRUE
59,-231642000,12.2,43.8833,4.75,59,0,0,0,0.18,TRUE
60,-231642000,13,42.7167,4.74,60,8,1,1,0.23,TRUE
61,-231642000,15.6667,41.3667,4.04,61,0,0,0,0.23,TRUE
64,-230518800,13.7167,41.6667,4,64,0,0,0,0.34,TRUE
65,-230173200,11.3,43.6,4.51,65,0,0,0,0.18,TRUE
67,-228531600,13.2,43.1,4,67,0,0,0,0.34,TRUE
70,-222480000,13.7167,41.6667,4.5,70,9,1,1,0.34,TRUE
71,-218851200,13.0833,42.9167,4.14,71,0,0,0,0.23,TRUE
73,-218160000,12.9,42.4,5.3,73,10,1,1,0.34,TRUE
74,-218073600,12.45,43.4333,4.3,74,11,1,1,0.34,TRUE
77,-217209600,15.5833,40.5,5.25,77,12,1,1,0.16,TRUE
79,-209955600,12.1667,45.95,4.6,79,0,0,0,0.34,TRUE
80,-208918800,12.5,43.4,4.3,80,0,0,0,0.34,TRUE
85,-206845200,14.8,38.7,4.68,85,13,1,1,0.18,TRUE
86,-203734800,9.6167,44.5333,4.1,86,0,0,0,0.34,TRUE
88,-203734800,8.2,43.3,5.95,88,14,1,1,0.15,TRUE
97,-202179600,13.25,43.1667,4.3,97,0,0,0,0.34,TRUE
98,-201920400,12.1,44.3667,5.4,98,0,0,0,0.14,TRUE
100,-201229200,12.5167,42.7833,4.3,100,15,1,1,0.34,TRUE
101,-199846800,12.2667,42.4,4.04,101,0,0,0,0.23,TRUE
103,-197427600,15.8,37.5,5.05,103,0,0,0,0.24,TRUE
104,-193708800,16.3167,39.5,4,104,0,0,0,0.34,TRUE
105,-192240000,13.4,42.3,4.34,105,0,0,0,0.23,TRUE
106,-187920000,14.5,45.5,4.7,106,16,1,1,0.34,TRUE
107,-186019200,14.3,41.05,4.24,107,0,0,0,0.23,TRUE
110,-180406800,14.7167,38.6667,4.16,110,0,0,0,0.22,TRUE
111,-178851600,15.3,37.0667,4.3,111,0,0,0,0.34,TRUE
112,-177210000,12.9,43.3333,4.3,112,0,0,0,0.34,TRUE
113,-176605200,9.2333,46.7167,4.34,113,0,0,0,0.23,TRUE
114,-176000400,15.6667,40.5,4.57,114,0,0,0,0.35,TRUE
115,-174358800,14.5,43.5,4.68,115,0,0,0,0.48,TRUE
116,-173149200,15.7,44.4,4.26,116,0,0,0,0.27,TRUE
117,-170902800,12.4,42.8,4.14,117,0,0,0,0.23,TRUE
119,-170902800,13,42.7,4.46,119,17,1,1,0.24,TRUE
122,-169520400,16.7,43.9,4.46,122,0,0,0,0.29,TRUE
123,-168051600,15.4,39.4,4.33,123,0,0,0,0.27,TRUE
124,-167965200,11.3,44,4.92,124,19,0,1,0.13,TRUE
125,-167965200,11.8,44.6,4.36,125,0,0,0,0.25,TRUE
127,-165459600,15.4333,39.0833,4.26,127,0,0,0,0.25,TRUE
129,-162777600,11.6,42.6,4.16,129,0,0,0,0.42,TRUE
131,-157507200,13.1,46.3833,4.1,131,0,0,0,0.34,TRUE
132,-156988800,16.9,43.26,4.46,132,0,0,0,0.29,TRUE
133,-151718400,17.7,38.9,4.07,133,0,0,0,0.23,TRUE
134,-151286400,13.1,42.9,4.07,134,0,0,0,0.26,TRUE
135,-149043600,14.1,39.1,4.36,135,0,0,0,0.44,TRUE
137,-146624400,10.5,44.3,4.46,137,20,0,1,0.34,TRUE
146,-144810000,12.8,42.8667,4.57,146,21,0,1,0.47,TRUE
147,-144118800,11.1,43.5,4.07,147,0,0,0,0.38,TRUE
148,-141526800,11.4,47.3,4.26,148,0,0,0,0.27,TRUE
149,-140662800,16.3,39.5,4.24,149,0,0,0,0.23,TRUE
150,-139194000,10.1,44.4667,4.3,150,22,0,1,0.34,TRUE
151,-139194000,12.3,43.6,4.72,151,0,0,0,0.16,TRUE
152,-139194000,11.95,43.8333,4.57,152,0,0,0,0.23,TRUE
153,-137898000,13.1,46.1,5.24,153,23,0,1,0.25,TRUE
156,-134182800,16.25,39.25,4,156,0,0,0,0.34,TRUE
157,-132627600,19.1,39.7,4.73,157,0,0,0,0.27,TRUE
158,-132195600,7.4667,46.3167,4.57,158,24,0,1,0.25,TRUE
159,-130809600,9.5,44.3,4,159,0,0,0,0.34,TRUE
160,-130809600,10.3,44.4,4.16,160,0,0,0,0.22,TRUE
162,-130550400,13.5,42.1,4.39,162,0,0,0,0.27,TRUE
163,-127440000,12,44.4,4.57,163,0,0,0,0.25,TRUE
164,-127008000,14.9,40.3667,4.16,164,0,0,0,0.22,TRUE
165,-124675200,6.5,45.75,4.54,165,0,0,0,0.23,TRUE
166,-124329600,12.5,45.9667,4.51,166,0,0,0,0.22,TRUE
167,-123379200,14.8833,38.5167,4.16,167,0,0,0,0.26,TRUE
169,-118285200,10.9,44.8,4.1,169,25,0,1,0.34,TRUE
170,-117939600,7.4,44.3,4.16,170,0,0,0,0.31,TRUE
171,-113706000,11.5,43.5,4.16,171,0,0,0,0.31,TRUE
172,-113706000,11.2,44.5,4.44,172,0,0,0,0.23,TRUE
173,-111632400,14.2,46.1,4.07,173,0,0,0,0.41,TRUE
174,-110163600,15.6,40.9,4.36,174,0,0,0,0.23,TRUE
175,-109818000,13.4,46.4,4.3,175,0,0,0,0.34,TRUE
176,-108090000,17.8,43.1,4.36,176,0,0,0,0.23,TRUE
179,-107485200,18.6,41.6,4.36,179,0,0,0,0.44,TRUE
180,-106275600,18.65,42.18,5.53,180,26,0,1,0.25,TRUE
186,-101350800,13.6333,41.65,4.44,186,27,0,1,0.23,TRUE
187,-101005200,17.7,43.2,4.46,187,0,0,0,0.45,TRUE
188,-101005200,12.2,44,4.36,188,0,0,0,0.25,TRUE
189,-90892800,15.1,38.4833,4.26,189,0,0,0,0.25,TRUE
190,-90115200,16,43.85,5.15,190,0,0,0,0.54,TRUE
191,-87613200,7.45,46.5,4.36,191,28,0,1,0.33,TRUE
192,-86749200,10.75,44.8,5.02,192,29,0,1,0.39,TRUE
194,-85712400,16.12,44.32,4.26,194,0,0,0,0.43,TRUE
197,-81565200,14.8833,38.65,4.16,197,0,0,0,0.24,TRUE
198,-80269200,16.2,41.6,4.46,198,0,0,0,0.26,TRUE
199,-77850000,8.8,46.6833,4.04,199,0,0,0,0.23,TRUE
200,-76554000,15.2,40.8333,4.14,200,0,0,0,0.23,TRUE
201,-76122000,17.62,42.81,4.57,201,0,0,0,0.24,TRUE
202,-75258000,10.4,46.9,4.26,202,0,0,0,0.25,TRUE
203,-75171600,15.1,38.8,4.57,203,0,0,0,0.21,TRUE
204,-73184400,15.3,37.9,4.36,204,0,0,0,0.25,TRUE
205,-72234000,18.6,37.5,4.26,205,0,0,0,0.32,TRUE
206,-71888400,18.6,41.2,4.26,206,0,0,0,0.27,TRUE
207,-71715600,9.4,46,4.79,207,0,0,0,0.49,TRUE
208,-71110800,10.95,44.5667,4.16,208,0,0,0,0.26,TRUE
209,-71024400,13.7667,41.55,4.36,209,30,0,1,0.28,TRUE
211,-70765200,14.0667,41.25,4.8,211,0,0,0,0.34,TRUE
212,-70506000,7.1,46.5,4.46,212,0,0,0,0.45,TRUE
213,-68515200,14.3667,37.8,5.02,213,0,0,0,0.2,TRUE
214,-65664000,13.6,42.3,4.68,214,31,0,1,0.29,TRUE
217,-65145600,16.5,42.5,4.94,217,0,0,0,0.23,TRUE
218,-63331200,12.1,45,5.42,218,0,0,0,0.13,TRUE
220,-62812800,12.55,42.3333,4.36,220,32,0,1,0.41,TRUE
221,-62294400,12,44.4,4.57,221,0,0,0,0.25,TRUE
228,-61948800,13.1,37.7,5.67,228,33,0,1,0.23,TRUE
230,-61948800,16,37,4.34,230,0,0,0,0.23,TRUE
259,-60739200,13.5,43.6,4.3,259,0,0,0,0.34,TRUE
261,-59529600,17.8,38,5.4,261,0,0,0,0.21,TRUE
264,-56163600,16,40.3,4.16,264,0,0,0,0.39,TRUE
268,-53830800,8.0167,44.0833,4.07,268,0,0,0,0.26,TRUE
270,-53571600,14.9,40,4.44,270,34,0,1,0.23,TRUE
271,-53226000,9.8,46.6,4.16,271,0,0,0,0.31,TRUE
272,-52448400,8.5833,44.8333,4.04,272,0,0,0,0.23,TRUE
273,-51152400,15.5,38.7,4.85,273,0,0,0,0.14,TRUE
275,-49165200,17.5,43.1,4.57,275,35,0,1,0.35,TRUE
276,-48733200,14.8,37.8,5.15,276,0,0,0,0.4,TRUE
277,-48560400,7.9667,45.7333,4.79,277,0,0,0,0.19,TRUE
278,-48214800,11.3,45.8,4.57,278,36,0,1,0.21,TRUE
280,-47782800,6.9,46.19,4.07,280,0,0,0,0.3,TRUE
281,-46832400,7.65,46.1333,4.24,281,0,0,0,0.23,TRUE
282,-46054800,16.2,38.7,4,282,0,0,0,0.34,TRUE
283,-43981200,11.9667,43.7,4.14,283,0,0,0,0.23,TRUE
284,-43722000,9.7667,46.7333,4.04,284,0,0,0,0.23,TRUE
285,-43462800,14.2,46.4,4.16,285,0,0,0,0.31,TRUE
286,-43203600,6.73,46.34,4.36,286,0,0,0,0.25,TRUE
290,-41562000,8.2,44.2333,4.24,290,37,0,1,0.23,TRUE
291,-39488400,15.35,40.1167,4.36,291,0,0,0,0.21,TRUE
292,-37674000,17.04,43.5,4.36,292,0,0,0,0.25,TRUE
293,-32317200,16.8,39.7,4.07,293,0,0,0,0.3,TRUE
294,-31107600,10.7333,44.0667,4.16,294,0,0,0,0.26,TRUE
295,-30762000,12,44.3833,4.46,295,0,0,0,0.26,TRUE
296,-29898000,15.2667,43.0333,4.14,296,0,0,0,0.23,TRUE
297,-29898000,19.1,40.2,4.16,297,0,0,0,0.42,TRUE
298,-27651600,11.2833,44.0833,4.72,298,0,0,0,0.23,TRUE
299,-24022800,15.05,39.95,4.68,299,0,0,0,0.19,TRUE
300,-23936400,15,38.3,4.04,300,0,0,0,0.23,TRUE
301,-23850000,15.2,37.7,4.14,301,0,0,0,0.23,TRUE
302,-23677200,15.2333,38.9667,4.79,302,0,0,0,0.18,TRUE
304,-22554000,14.8667,39.6333,4.07,304,0,0,0,0.23,TRUE
305,-22381200,13.7667,41.55,4.68,305,0,0,0,0.26,TRUE
306,-22294800,14.833,38.817,4.23,306,38,0,1,0.27,TRUE
307,-19443600,14.9667,40.3167,4.14,307,0,0,0,0.23,TRUE
308,-16506000,10.2,44.75,4.13,308,0,0,0,0.27,TRUE
309,-16506000,10.6667,44.6,4.14,309,0,0,0,0.23,TRUE
312,-15814800,12.0167,42.1833,4.46,312,40,0,1,0.45,TRUE
313,-15814800,16.7,39.7,4.57,313,39,0,1,0.47,TRUE
315,-12531600,11.9333,43.7,4.16,315,41,0,1,0.26,TRUE
317,-12358800,12.2,43.0333,4.16,317,0,0,0,0.26,TRUE
318,-8384400,13.6,42.55,4.25,318,0,0,0,0.22,TRUE
319,-7261200,7.3667,45.0833,4.07,319,0,0,0,0.3,TRUE
320,-7002000,15.1333,39.8333,4.07,320,0,0,0,0.26,TRUE
321,-6051600,15.25,38.5833,4.26,321,0,0,0,0.27,TRUE
322,-4150800,15.5667,40.5833,5.27,322,0,0,0,0.41,TRUE
323,-2077200,15.5333,39.2833,4.07,323,0,0,0,0.26,TRUE
324,-1818000,14.85,39.39,4.16,324,0,0,0,0.26,TRUE
325,-176400,13,37.7,4.46,325,0,0,0,0.45,TRUE
326,1724400,16.4,41.9,4.14,326,0,0,0,0.23,TRUE
327,2415600,14.8333,38.6667,4.68,327,0,0,0,0.21,TRUE
329,3366000,12.1,43.9667,4.73,329,42,0,1,0.34,TRUE
331,4057200,15.8167,39.8,4.16,331,0,0,0,0.21,TRUE
332,7858800,7.3833,46.3667,4.04,332,0,0,0,0.23,TRUE
333,7858800,14.28,38.29,4.68,333,0,0,0,0.3,TRUE
334,9327600,10.45,45.65,4.79,334,0,0,0,0.37,TRUE
335,9932400,17.8,39.8,4.44,335,0,0,0,0.23,TRUE
336,10018800,17.9,37,4.16,336,0,0,0,0.42,TRUE
337,10537200,10.3833,44.6333,4.46,337,43,0,1,0.45,TRUE
338,10710000,10.85,44.35,4.04,338,0,0,0,0.23,TRUE
339,12524400,12.65,42.5667,4.36,339,0,0,0,0.41,TRUE
340,13388400,15.4833,39.1167,4.36,340,0,0,0,0.22,TRUE
342,14511600,8.8,43.3,4.4,342,0,0,0,0.34,TRUE
343,15375600,11.6,35.8,5.02,343,0,0,0,0.39,TRUE
344,15462000,17.1,39,4.74,344,0,0,0,0.23,TRUE
345,17362800,7.53,46.69,4.46,345,0,0,0,0.45,TRUE
347,18918000,12.8,44.7,4.34,347,0,0,0,0.23,TRUE
349,19609200,16.5,37.9,4.36,349,0,0,0,0.33,TRUE
350,19782000,7.55,46.3167,4.26,350,0,0,0,0.43,TRUE
351,19868400,10.8833,43.1333,5.02,351,0,0,0,0.26,TRUE
352,21078000,11.8,44,4.34,352,0,0,0,0.23,TRUE
354,21510000,12.95,42.8667,4.26,354,0,0,0,0.25,TRUE
355,21510000,16.08,43.95,5.4,355,44,0,1,0.21,TRUE
357,23238000,13.9833,41.4,4.57,357,0,0,0,0.33,TRUE
359,28854000,9.8,36.98,5.02,359,45,0,1,0.21,TRUE
360,29545200,18.9,40.2,4.36,360,0,0,0,0.44,TRUE
363,31359600,12.9,37.7,4,363,0,0,0,0.34,TRUE
364,31446000,8.3333,44.1333,4.44,364,46,0,1,0.22,TRUE
367,34210800,7.2,44.5,4.51,367,0,0,0,0.32,TRUE
368,34383600,14.1,38.7,4.57,368,47,0,1,0.3,TRUE
370,34642800,11.8833,42.4333,4.61,370,48,0,1,0.14,TRUE
374,35161200,12.5,43.2,4.92,374,49,0,1,0.24,TRUE
375,35766000,14.9667,38.1333,4.26,375,0,0,0,0.4,TRUE
378,39394800,13.0333,42.7,4.21,378,50,0,1,0.19,TRUE
380,39481200,14.95,38.7667,4.16,380,0,0,0,0.26,TRUE
382,41036400,15.1667,37.7167,4.14,382,0,0,0,0.23,TRUE
383,41382000,15.2167,39.2167,4.46,383,0,0,0,0.19,TRUE
384,41900400,15.1833,39.5667,4.16,384,0,0,0,0.22,TRUE
386,42332400,15.35,40.75,4.24,386,0,0,0,0.23,TRUE
387,42332400,15.2333,41.15,4.9,387,51,0,1,0.22,TRUE
391,45010800,6.7,44.6667,4.49,391,52,0,1,0.2,TRUE
392,45874800,12.75,43.9,4.07,392,0,0,0,0.26,TRUE
393,47862000,8.8167,44.75,4.05,393,0,0,0,0.28,TRUE
394,48380400,10.3,44.8,4.9,394,53,0,1,0.2,TRUE
396,48812400,13.9833,41.4,4.14,396,0,0,0,0.23,TRUE
400,51577200,12.8167,39.6667,4.16,400,0,0,0,0.22,TRUE
401,52009200,9.4167,44.5167,4.16,401,0,0,0,0.39,TRUE
402,53046000,12.3333,46.3,4.16,402,0,0,0,0.26,TRUE
404,54601200,8.6833,44.2333,4.07,404,0,0,0,0.23,TRUE
405,55378800,13.2,42.8,4.57,405,55,0,1,0.3,TRUE
408,56070000,10.8667,44.5833,4.54,408,54,0,1,0.23,TRUE
409,60220800,15.8,40.5,4.57,409,0,0,0,0.27,TRUE
410,60998400,11.3,45.0833,4.14,410,0,0,0,0.23,TRUE
411,61862400,12.75,43.3167,4.26,411,0,0,0,0.4,TRUE
413,64540800,8.2,44.2,4.16,413,56,0,1,0.26,TRUE
417,66009600,13.4333,43.7167,4.57,417,57,0,1,0.25,TRUE
428,68169600,15,42,4.32,428,58,0,1,0.22,TRUE
430,69980400,14.9797,35.7994,4.57,430,0,0,0,0.2,TRUE
431,70671600,9.5333,44.45,4.07,431,0,0,0,0.28,TRUE
432,72313200,17.2327,42.941,4.46,432,0,0,0,0.26,TRUE
435,77324400,13.6,43.65,4.67,435,59,0,1,0.19,TRUE
437,78274800,15.9927,43.9648,4.29,437,0,0,0,0.28,TRUE
438,78274800,10.2,44.6,4.06,438,0,0,0,0.28,TRUE
439,82335600,15.6167,40.3333,4.09,439,0,0,0,0.25,TRUE
440,83977200,18,38,4.34,440,0,0,0,0.23,TRUE
441,84668400,17.4118,36.5947,4.07,441,0,0,0,0.26,TRUE
442,85878000,17.2608,43.1848,4.35,442,0,0,0,0.28,TRUE
443,87174000,7.3,46.1667,4.24,443,0,0,0,0.23,TRUE
444,88815600,9.9167,44.4167,4.93,444,0,0,0,0.16,TRUE
445,89683200,10.5333,44.6333,4.07,445,0,0,0,0.38,TRUE
446,90979200,16.9114,36.5153,4.16,446,0,0,0,0.26,TRUE
450,91584000,13.2667,42.9,5.22,450,61,0,1,0.18,TRUE
452,91929600,13.2,44,4.5,452,0,0,0,0.2,TRUE
454,94262400,12.9667,37.6,4.16,454,62,0,1,0.24,TRUE
456,96681600,15.8,40.1,4.24,456,0,0,0,0.23,TRUE
457,103503600,16.9833,39.1,4.57,457,0,0,0,0.21,TRUE
458,104022000,12.8,43.4,4.48,458,0,0,0,0.28,TRUE
459,104108400,10.2167,43.5333,4,459,0,0,0,0.34,TRUE
460,104367600,12.7,44,4.36,460,0,0,0,0.28,TRUE
461,105058800,17.2112,42.7336,4.7,461,0,0,0,0.28,TRUE
462,105663600,9.6833,45.5667,4.45,462,0,0,0,0.28,TRUE
463,108082800,9.4833,44.6667,4.2,463,0,0,0,0.28,TRUE
464,108169200,12,45.7,4.03,464,0,0,0,0.28,TRUE
465,110502000,13.3,44.1,4.06,465,0,0,0,0.28,TRUE
466,111020400,9.5333,46.7667,4.44,466,0,0,0,0.23,TRUE
467,112230000,12.7,44.1,4.12,467,0,0,0,0.28,TRUE
468,113180400,15.1333,37.6333,4.5,468,0,0,0,0.34,TRUE
469,113612400,15.4147,40.7205,4.83,469,63,0,1,0.19,TRUE
473,117414000,13,37.7,4.3,473,0,0,0,0.34,TRUE
476,121219200,9.3,45.9667,4.14,476,0,0,0,0.23,TRUE
478,121305600,13.9,41.4833,4.64,478,64,0,1,0.23,TRUE
479,121478400,10.75,44.0833,4.34,479,0,0,0,0.23,TRUE
480,121478400,11.4167,43.9833,4.26,480,0,0,0,0.4,TRUE
481,121737600,13.2,44,4.54,481,0,0,0,0.23,TRUE
482,125193600,14.7833,38.7167,5.02,482,65,0,1,0.2,TRUE
488,128217600,14.5333,39.8833,4.26,488,0,0,0,0.22,TRUE
489,128304000,12.8333,42.8,4.16,489,0,0,0,0.28,TRUE
491,128649600,15.0667,37.7167,4.44,491,66,0,1,0.23,TRUE
492,129513600,6.55,44.2167,4.44,492,0,0,0,0.23,TRUE
495,131587200,10.8,44.9,4.08,495,0,0,0,0.28,TRUE
497,135212400,9.6833,44.65,4.1,497,0,0,0,0.17,TRUE
499,138150000,10.3,45.6,4.04,499,0,0,0,0.23,TRUE
500,138409200,11.0833,43.8667,4.24,500,0,0,0,0.23,TRUE
501,139359600,16.6,42.7,4.43,501,0,0,0,0.28,TRUE
503,140655600,18.2,38.9,4.44,503,68,0,1,0.23,TRUE
504,141692400,18.7,39.7,4.07,504,0,0,0,0.23,TRUE
505,141778800,10.7,44.1,4.26,505,0,0,0,0.4,TRUE
506,143679600,15.3167,39.1333,4.57,506,0,0,0,0.18,TRUE
507,148345200,8.2833,43.4833,4.07,507,0,0,0,0.28,TRUE
508,149641200,8.8167,45.05,4.04,508,0,0,0,0.23,TRUE
510,150937200,11.0833,43.8667,4.04,510,0,0,0,0.23,TRUE
511,151369200,15.9333,41.7,4.04,511,0,0,0,0.23,TRUE
512,151455600,18.9,39.6,5.02,512,69,0,1,0.2,TRUE
513,151542000,15.2167,39.3667,4.07,513,0,0,0,0.23,TRUE
517,155174400,13,43,4.43,517,70,0,1,0.15,TRUE
520,158630400,10.7,45.5,4.37,520,0,0,0,0.19,TRUE
521,159062400,15.7833,38.2,4.63,521,71,0,1,0.16,TRUE
523,161049600,9.7833,44.3667,4.04,523,0,0,0,0.23,TRUE
524,163900800,12.6167,42.7667,4.34,524,0,0,0,0.28,TRUE
525,164847600,13.4,46.3833,4.32,525,0,0,0,0.11,TRUE
526,165193200,13.2333,38.65,4.14,526,0,0,0,0.23,TRUE
527,165798000,10.9167,44.0833,4.08,527,0,0,0,0.28,TRUE
529,170809200,10.9,46.2,4.1,529,0,0,0,0.34,TRUE
531,172278000,13.8,46.4,4,531,0,0,0,0.34,TRUE
532,172364400,15.7333,41.65,5.08,532,0,0,0,0.17,TRUE
533,174438000,13.6877,42.7291,4.2,533,73,0,1,0.2,TRUE
536,175906800,14.8333,37.5333,4.04,536,0,0,0,0.23,TRUE
537,175993200,14.6833,37.2667,4.3,537,72,0,1,0.34,TRUE
538,176857200,15.5333,38.4667,4.68,538,0,0,0,0.2,TRUE
539,177548400,16.3226,38.7306,4.33,539,0,0,0,0.27,TRUE
540,180226800,12.5167,37.9833,4.04,540,0,0,0,0.23,TRUE
541,183078000,17.3967,43.1119,4.73,541,0,0,0,0.28,TRUE
543,185328000,9.4333,44.6167,5.04,543,74,0,1,0.17,TRUE
544,188092800,15.6167,38.8167,4.14,544,0,0,0,0.23,TRUE
545,188870400,11.9251,44.4726,4.17,545,0,0,0,0.28,TRUE
546,193795200,15.7,44.1833,4.66,546,0,0,0,0.28,TRUE
547,194313600,14.45,43.35,4.12,547,0,0,0,0.28,TRUE
548,194832000,12.3167,43.6667,4.01,548,0,0,0,0.28,TRUE
550,197247600,10.35,45.1667,4.01,550,0,0,0,0.28,TRUE
551,197334000,16.9167,38.7167,4.34,551,0,0,0,0.23,TRUE
552,197593200,16.0167,38.65,4.9,552,0,0,0,0.29,TRUE
553,198889200,17.45,43.3833,4.79,553,0,0,0,0.16,TRUE
554,199753200,15.0333,37.85,4.46,554,0,0,0,0.21,TRUE
556,200185200,13.25,46.25,6.45,556,75,0,1,0.1,TRUE
570,201740400,11.8333,45.6667,4.2,570,0,0,0,0.2,TRUE
571,202258800,16.85,39.4333,4.24,571,0,0,0,0.23,TRUE
575,203209200,15.65,41.9,4.37,575,0,0,0,0.28,TRUE
581,206406000,9.5,46.8167,4.12,581,0,0,0,0.28,TRUE
582,209084400,15.4167,41.3833,4.29,582,0,0,0,0.28,TRUE
583,209516400,9.5,44.5667,4.47,583,0,0,0,0.16,TRUE
584,209775600,13.29,42.92,4.03,584,0,0,0,0.27,TRUE
585,209948400,11.3667,47.0667,4.04,585,0,0,0,0.23,TRUE
586,210553200,13.55,38.5833,4.14,586,0,0,0,0.23,TRUE
602,211590000,12.8,45.1667,4.14,602,0,0,0,0.23,TRUE
606,211762800,14.65,37.9833,4.5,606,0,0,0,0.16,TRUE
608,212108400,14.6333,38.6833,4.84,608,0,0,0,0.23,TRUE
609,213577200,9.5333,45.5833,4.06,609,0,0,0,0.28,TRUE
610,213922800,13.0667,37.8333,4.44,610,0,0,0,0.23,TRUE
612,214786800,18.9281,39.7249,4.87,612,76,0,1,0.2,TRUE
615,216259200,18.6,39.2167,4.14,615,0,0,0,0.23,TRUE
618,217728000,17.2833,42.75,4.83,618,0,0,0,0.28,TRUE
620,219283200,10.7833,45.8333,4.54,620,0,0,0,0.2,TRUE
622,220579200,13.5833,43.2,4.05,622,0,0,0,0.2,TRUE
623,221961600,17.1333,43.55,4.88,623,77,0,1,0.1,TRUE
624,222134400,8.9,44.8667,4.24,624,0,0,0,0.23,TRUE
626,224035200,7.3667,44.4167,4.14,626,0,0,0,0.23,TRUE
627,225244800,15.8,44.0167,4.24,627,78,0,1,0.23,TRUE
628,226368000,7.3358,46.507,4.23,628,0,0,0,0.27,TRUE
629,228438000,16.3,41.2333,4.39,629,0,0,0,0.28,TRUE
632,230252400,17.8,43.05,4.4,632,0,0,0,0.28,TRUE
635,232412400,16.05,43.15,4.95,635,0,0,0,0.28,TRUE
636,234313200,14.45,37.8833,4.61,636,0,0,0,0.1,TRUE
637,234313200,18.95,39.5,4.14,637,0,0,0,0.23,TRUE
638,234399600,15.4333,41.3,4.14,638,0,0,0,0.23,TRUE
639,235609200,15.7667,39.2,4.26,639,0,0,0,0.27,TRUE
640,236214000,11.45,44.35,4.25,640,0,0,0,0.19,TRUE
641,236300400,14.6833,38.5333,5.27,641,79,0,1,0.1,TRUE
642,236473200,11.9833,38.5667,4.58,642,80,0,1,0.21,TRUE
644,236732400,6.6212,44.7847,4.13,644,0,0,0,0.27,TRUE
645,236991600,9.25,44.25,4.14,645,0,0,0,0.23,TRUE
646,237855600,14.3,46.2833,4.43,646,0,0,0,0.19,TRUE
647,238546800,14.8667,41.3167,4.19,647,0,0,0,0.19,TRUE
648,240447600,17.1333,38.6,5.21,648,0,0,0,0.1,TRUE
649,240793200,12.3167,42.6667,4.25,649,81,0,1,0.25,TRUE
651,241570800,8.1833,38.2333,5.44,651,0,0,0,0.1,TRUE
654,244422000,11.2,39.0833,4.43,654,0,0,0,0.25,TRUE
655,250905600,10.2333,44.5167,4.04,655,0,0,0,0.23,TRUE
656,251424000,15.55,38.4333,4.79,656,0,0,0,0.31,TRUE
657,252288000,15.35,39.9,5.9,657,82,0,1,0.1,TRUE
659,252460800,17.4544,43.2573,5.13,659,83,0,1,0.27,TRUE
660,252460800,16.1833,43.1833,4.42,660,0,0,0,0.25,TRUE
661,252547200,16.3667,42.6833,4.9,661,0,0,0,0.25,TRUE
662,252547200,15.0545,43.9476,4,662,0,0,0,0.25,TRUE
663,254016000,13.3667,37.1167,4.44,663,0,0,0,0.23,TRUE
664,255744000,14.9,41.1333,4.29,664,0,0,0,0.19,TRUE
665,255916800,13.0833,43.7,4.08,665,0,0,0,0.19,TRUE
666,256348800,14.2333,37.8,4.14,666,0,0,0,0.23,TRUE
667,256435200,16.8791,43.9314,4.27,667,0,0,0,0.25,TRUE
668,257040000,9.7382,46.5571,4.12,668,0,0,0,0.25,TRUE
669,257040000,14.9167,37.7167,4.14,669,0,0,0,0.23,TRUE
670,258422400,16.1833,37.9667,5.22,670,84,0,1,0.1,TRUE
672,259455600,16.8333,43.6333,4.74,672,0,0,0,0.17,TRUE
673,259887600,12.6667,42.7167,4.15,673,0,0,0,0.19,TRUE
675,260406000,9.45,42.1667,4.28,675,85,0,1,0.17,TRUE
679,261097200,13.1667,42.2167,4.09,679,0,0,0,0.19,TRUE
681,261442800,15.1,38.2667,6.03,681,86,0,1,0.1,TRUE
688,262652400,13.8667,39.2333,4.26,688,0,0,0,0.32,TRUE
691,264207600,14.9833,37.6833,4.04,691,0,0,0,0.23,TRUE
697,267577200,15.6333,39.1833,4.07,697,0,0,0,0.23,TRUE
699,271119600,12.4167,42.6333,4.78,699,87,0,1,0.18,TRUE
700,271810800,15.9167,38.6667,4.34,700,0,0,0,0.24,TRUE
701,272934000,14.0333,37.9,4.54,701,88,0,1,0.23,TRUE
703,274921200,16.9191,43.8815,4.33,703,0,0,0,0.25,TRUE
704,275439600,16.1167,40.6667,5.05,704,0,0,0,0.18,TRUE
707,279072000,13.1167,41.2,4.06,707,0,0,0,0.25,TRUE
709,280022400,12.9333,42.4333,4.52,709,89,0,1,0.25,TRUE
712,281664000,12.8167,43.0667,4.3,712,0,0,0,0.19,TRUE
713,281664000,12.1167,44.3833,4.61,713,0,0,0,0.1,TRUE
714,282268800,12.7333,46.2667,4.42,714,0,0,0,0.19,TRUE
715,282441600,13.4333,38.6333,4.14,715,90,0,1,0.23,TRUE
716,282700800,17.3167,43.35,4.92,716,0,0,0,0.16,TRUE
717,283392000,11.1167,44.9167,4.11,717,0,0,0,0.19,TRUE
718,283564800,13.4833,41.1333,5.75,718,0,0,0,0.1,TRUE
720,284601600,15.7833,44.1333,4.31,720,0,0,0,0.19,TRUE
722,285638400,12.85,38.5167,4.87,722,91,0,1,0.1,TRUE
723,286070400,13.15,42.8167,4.48,723,92,0,1,0.17,TRUE
725,287366400,9.4667,45.6167,4.68,725,0,0,0,0.18,TRUE
726,290905200,10.0667,44.3,4.01,726,0,0,0,0.25,TRUE
727,290905200,15.9167,38.7,4.79,727,0,0,0,0.28,TRUE
729,291164400,15.1833,39.1667,4.68,729,0,0,0,0.18,TRUE
732,292460400,10.05,36.9167,4.64,732,94,0,1,0.23,TRUE
737,292978800,16.75,43.1,4.24,737,0,0,0,0.19,TRUE
741,293238000,14.2833,45.5333,4.03,741,0,0,0,0.25,TRUE
742,293238000,13.2167,46.3,4.66,742,0,0,0,0.1,TRUE
755,296348400,18.75,42.1167,6.17,755,93,0,1,0.1,TRUE
762,296434800,18.85,41.1333,4.74,762,0,0,0,0.23,TRUE
768,297039600,12.9333,43.0333,4.03,768,0,0,0,0.25,TRUE
772,297298800,15.35,41.8333,4.07,772,0,0,0,0.25,TRUE
779,299890800,16.6833,44.0333,4.74,779,95,0,1,0.13,TRUE
781,300150000,17,42.0333,4.67,781,0,0,0,0.19,TRUE
783,301705200,17.2333,43.4333,4.29,783,0,0,0,0.25,TRUE
788,306543600,12.95,42.7167,5.83,788,96,0,1,0.1,TRUE
793,306716400,14.65,38.7667,4.57,793,0,0,0,0.22,TRUE
795,311644800,9.95,45.7167,4.32,795,0,0,0,0.22,TRUE
796,311990400,15.7833,44.1833,4.05,796,0,0,0,0.25,TRUE
797,313459200,11.5167,37.85,5.48,797,97,0,1,0.25,TRUE
803,315878400,7.3333,45.0167,4.82,803,0,0,0,0.1,TRUE
804,318470400,14.9167,38.2833,4.57,804,0,0,0,0.27,TRUE
805,319334400,11.4833,44.3333,4.26,805,0,0,0,0.19,TRUE
806,319852800,16.15,39.2833,4.42,806,98,0,1,0.1,TRUE
810,320716800,16.45,38.9,4.26,810,99,0,1,0.27,TRUE
812,321408000,16.1333,39.8333,4.71,812,0,0,0,0.1,TRUE
816,323996400,13.2167,36.9833,4.34,816,100,0,1,0.23,TRUE
817,325292400,13.4667,40.4667,4.21,817,0,0,0,0.16,TRUE
818,327106800,15.8333,40.35,4.83,818,0,0,0,0.1,TRUE
821,328316400,13.3,42.1167,4.17,821,0,0,0,0.19,TRUE
822,328316400,14.2709,38.4838,5.66,822,101,0,1,0.1,TRUE
831,329180400,10.6,44.05,4.64,831,0,0,0,0.1,TRUE
832,329353200,13.85,42.2333,4.64,832,0,0,0,0.1,TRUE
834,329785200,13.6833,41.7667,4.96,834,102,0,1,0.1,TRUE
836,330476400,17.3833,43.0167,4.58,836,0,0,0,0.1,TRUE
837,336351600,16.9333,43.9167,4.4,837,0,0,0,0.25,TRUE
838,337215600,11.0167,42.6333,4.17,838,0,0,0,0.25,TRUE
839,339202800,13.1667,41.6833,4.18,839,0,0,0,0.19,TRUE
840,339634800,8.7167,44.7667,4.14,840,0,0,0,0.23,TRUE
841,339807600,17.65,42.9333,4.8,841,0,0,0,0.19,TRUE
842,340239600,13,39.7,4.36,842,0,0,0,0.33,TRUE
843,342316800,15.1333,37.65,4.04,843,0,0,0,0.23,TRUE
844,343785600,15.3667,40.8,6.81,844,103,0,1,0.1,TRUE
861,343872000,14.35,39.3667,4.54,861,0,0,0,0.23,TRUE
866,343872000,14.794,39.991,4.1,866,0,0,0,0.25,TRUE
869,343958400,15.8522,40.0477,4.16,869,0,0,0,0.25,TRUE
891,344563200,6.1691,45.8659,4.83,891,0,0,0,0.27,TRUE
898,345168000,16.1667,38.7333,4.67,898,0,0,0,0.1,TRUE
901,346377600,9.85,44.8167,4.57,901,0,0,0,0.1,TRUE
902,346464000,12.8698,37.109,4.39,902,0,0,0,0.17,TRUE
911,353635200,15.1535,37.1582,4,911,0,0,0,0.5,TRUE
914,355273200,14.9207,38.3432,4.7,914,104,0,1,0.5,TRUE
915,356742000,8.5697,43.6848,4.43,915,0,0,0,0.1,TRUE
917,360716400,12.47,37.67,4.93,917,0,0,0,0.1,TRUE
918,361753200,16.4995,38.3077,4,918,0,0,0,0.5,TRUE
919,362012400,13.6283,38.3552,4.77,919,0,0,0,0.1,TRUE
920,366505200,17.33,44.86,5.66,920,0,0,0,0.1,TRUE
925,376358400,12.702,46.2698,4.19,925,0,0,0,0.18,TRUE
926,385084800,16.2303,46.1905,4.68,926,0,0,0,0.1,TRUE
927,385516800,15.7477,39.8342,5.23,927,0,0,0,0.1,TRUE
928,397436400,7.8825,44.9987,4.15,928,0,0,0,0.24,TRUE
933,403657200,12.8455,43.1932,4.65,933,105,0,1,0.1,TRUE
937,406252800,19.54,40.98,5.6,937,0,0,0,0.1,TRUE
938,410400000,14.5518,41.0688,4.05,938,0,0,0,0.18,TRUE
939,410400000,9.4245,45.965,4.27,939,0,0,0,0.16,TRUE
941,413683200,13.4145,46.2728,4.32,941,0,0,0,0.16,TRUE
942,418258800,12.986,38.3925,4.33,942,0,0,0,0.27,TRUE
943,421628400,14.5875,37.9855,4.21,943,0,0,0,0.27,TRUE
945,423442800,15.1213,37.4745,4.17,945,106,0,1,0.33,TRUE
947,427590000,11.3133,45.8558,4.42,947,0,0,0,0.16,TRUE
948,428108400,15.245,40.7342,4.36,948,0,0,0,0.18,TRUE
949,429490800,13.8608,41.709,4.76,949,0,0,0,0.1,TRUE
950,431046000,12.7338,37.6857,4.1,950,0,0,0,0.27,TRUE
951,433638000,14.8585,40.401,4.34,951,0,0,0,0.18,TRUE
952,433724400,16.0575,41.695,4.02,952,0,0,0,0.18,TRUE
953,434070000,13.984,40.7003,4.06,953,0,0,0,0.18,TRUE
954,434588400,12.3068,39.0637,4.1,954,0,0,0,0.27,TRUE
955,437184000,10.3423,44.6525,5.04,955,0,0,0,0.1,TRUE
956,448675200,15.18,39.4,5.21,956,0,0,0,0.1,TRUE
957,450831600,15.5682,37.1848,4.21,957,0,0,0,0.27,TRUE
958,450831600,14.2007,46.8508,4.78,958,0,0,0,0.27,TRUE
959,451436400,10.2292,43.5587,4.61,959,107,0,1,0.1,TRUE
961,452041200,12.5853,43.204,5.62,961,108,0,1,0.1,TRUE
966,452732400,13.8202,41.6657,5.86,966,109,0,1,0.1,TRUE
980,453250800,17.73,42.93,5.42,980,0,0,0,0.1,TRUE
982,454374000,13.422,38.4988,4.08,982,0,0,0,0.21,TRUE
983,454374000,12.5635,39.6122,4.08,983,0,0,0,0.21,TRUE
985,456447600,6.6265,44.2797,4.08,985,0,0,0,0.21,TRUE
986,456447600,15.2255,37.5688,4.1,986,0,0,0,0.27,TRUE
987,456793200,16.668,39.4845,4.1,987,0,0,0,0.27,TRUE
990,457484400,14.1468,40.8682,4.1,990,0,0,0,0.27,TRUE
991,466902000,15.3152,37.8813,4.26,991,0,0,0,0.21,TRUE
993,467506800,15.245,37.4912,4.44,993,110,0,1,0.27,TRUE
994,468460800,6.6138,45.2777,4.11,994,0,0,0,0.21,TRUE
996,474681600,19.22,40.69,5.17,996,0,0,0,0.1,TRUE
997,475286400,10.4493,44.0857,4.46,997,0,0,0,0.16,TRUE
999,483750000,13.7003,42.9455,4.02,999,0,0,0,0.18,TRUE
1001,485391600,13.353,42.2978,4.4,1001,111,0,1,0.16,TRUE
1003,492303600,12.8763,38.5835,4.21,1003,0,0,0,0.27,TRUE
1004,492390000,13.1098,38.161,4.44,1004,0,0,0,0.27,TRUE
1005,492908400,18.06,47.05,5.14,1005,0,0,0,0.1,TRUE
1006,492908400,9.6303,44.6052,4.45,1006,0,0,0,0.18,TRUE
1007,493772400,12.7312,37.8875,4.1,1007,0,0,0,0.27,TRUE
1008,497142000,15.8295,38.1687,4.1,1008,0,0,0,0.27,TRUE
1009,499215600,15.8543,41.7005,4.1,1009,0,0,0,0.27,TRUE
1010,499215600,6.75,36.4,5.8,1010,0,0,0,0.1,TRUE
1011,501379200,19.32,41.72,5.51,1011,0,0,0,0.1,TRUE
1012,501638400,12.0078,43.7355,4.1,1012,0,0,0,0.27,TRUE
1013,501724800,16.7202,39.5495,4.1,1013,0,0,0,0.27,TRUE
1014,501724800,18.75,42.3,4.62,1014,0,0,0,0.1,TRUE
1015,504316800,15.2403,37.8792,4.55,1015,0,0,0,0.27,TRUE
1016,504403200,15.3633,37.5533,4.44,1016,0,0,0,0.27,TRUE
1020,505785600,15.7892,42.6217,4.82,1020,112,0,1,0.18,TRUE
1022,522457200,15.7462,40.6282,4.66,1022,0,0,0,0.18,TRUE
1023,525654000,12.5317,46.3438,4.73,1023,113,0,1,0.1,TRUE
1025,527468400,15.8662,39.3925,4.93,1025,0,0,0,0.33,TRUE
1026,528159600,15.2773,38.7367,5.25,1026,0,0,0,0.33,TRUE
1027,528505200,10.1257,44.2772,4.47,1027,0,0,0,0.1,TRUE
1028,529542000,13.1863,42.9242,4.21,1028,0,0,0,0.27,TRUE
1029,530146800,14.15,43.3152,4.07,1029,0,0,0,0.18,TRUE
1030,530928000,15.1127,37.8602,4.1,1030,0,0,0,0.27,TRUE
1031,533260800,16.41,44.14,5.54,1031,114,0,1,0.1,TRUE
1032,534211200,11.5432,45.0037,4.16,1032,0,0,0,0.18,TRUE
1033,535075200,14.9772,45.1242,4.47,1033,0,0,0,0.1,TRUE
1035,538272000,10.188,43.5417,4.02,1035,0,0,0,0.18,TRUE
1036,538790400,15.5548,40.835,4.54,1036,0,0,0,0.1,TRUE
1037,538876800,12.7975,36.2435,4.21,1037,0,0,0,0.27,TRUE
1038,539222400,14.7118,37.747,4.55,1038,0,0,0,0.27,TRUE
1039,539913600,10.1872,44.2347,4.06,1039,0,0,0,0.18,TRUE
1040,545094000,12.7008,41.5385,4.21,1040,0,0,0,0.27,TRUE
1042,546908400,10.6942,44.801,4.71,1042,115,0,1,0.1,TRUE
1043,547426800,11.1572,44.8617,4.44,1043,116,0,1,0.27,TRUE
1044,548809200,10.6682,45.7263,4.66,1044,0,0,0,0.27,TRUE
1045,548809200,15.2618,39.4072,4.17,1045,0,0,0,0.33,TRUE
1046,549932400,14.1958,37.7007,4.21,1046,0,0,0,0.27,TRUE
1047,551919600,15.3522,42.5875,4.55,1047,0,0,0,0.27,TRUE
1048,552265200,13.9025,43.1985,5.06,1048,117,0,1,0.1,TRUE
1051,552438000,12.1985,43.6697,4.44,1051,0,0,0,0.1,TRUE
1053,552870000,10.9305,46.002,4.12,1053,0,0,0,0.21,TRUE
1055,553820400,8.7317,45.0988,4.82,1055,0,0,0,0.33,TRUE
1056,555807600,15.0017,37.9118,4.76,1056,0,0,0,0.1,TRUE
1057,557449200,15.5563,40.6873,4.1,1057,0,0,0,0.27,TRUE
1061,562377600,9.1392,47.1393,4.02,1061,0,0,0,0.21,TRUE
1062,568598400,15.9402,40.0115,4.7,1062,0,0,0,0.1,TRUE
1063,568684800,19.6,41.24,5.9,1063,0,0,0,0.1,TRUE
1064,568944000,15.4612,40.308,4.19,1064,0,0,0,0.21,TRUE
1065,570672000,13.5572,46.4663,4.94,1065,0,0,0,0.21,TRUE
1066,570931200,14.66,47.003,4.39,1066,0,0,0,0.21,TRUE
1067,571276800,10.426,44.098,4.08,1067,0,0,0,0.16,TRUE
1068,571276800,10.3975,42.1395,4.3,1068,0,0,0,0.21,TRUE
1069,574387200,10.7242,44.8338,4.44,1069,0,0,0,0.21,TRUE
1071,575679600,14.7325,38.4462,4.26,1071,0,0,0,0.21,TRUE
1072,576889200,16.8798,39.6823,4.55,1072,0,0,0,0.21,TRUE
1073,578012400,16.6572,42.2107,5.36,1073,118,0,1,0.1,TRUE
1074,578012400,18.163,41.3917,4.17,1074,0,0,0,0.33,TRUE
1075,578012400,17.2162,42.6617,4.17,1075,0,0,0,0.33,TRUE
1080,582073200,12.957,35.853,4.24,1080,0,0,0,0.21,TRUE
1081,582678000,14.9942,37.8218,4.02,1081,0,0,0,0.21,TRUE
1082,587689200,9.8548,44.475,4.08,1082,0,0,0,0.21,TRUE
1083,588294000,17.44,43.7,4.64,1083,0,0,0,0.1,TRUE
1084,588380400,15.5058,42.0243,4.11,1084,0,0,0,0.21,TRUE
1085,5.94e+08,15.1712,37.7613,4.6,1085,0,0,0,0.21,TRUE
1087,600048000,11.69,35.59,5.13,1087,119,0,1,0.1,TRUE
1088,603331200,14.8363,44.8688,4.19,1088,0,0,0,0.21,TRUE
1089,605577600,15.3335,41.747,4.21,1089,0,0,0,0.27,TRUE
1090,612399600,15.733,40.5425,4.35,1090,0,0,0,0.21,TRUE
1091,615423600,12.9283,40.599,4.22,1091,0,0,0,0.21,TRUE
1092,615942000,12.2093,43.6707,4.02,1092,0,0,0,0.21,TRUE
1093,617497200,15.1187,37.7393,4.13,1093,0,0,0,0.21,TRUE
1095,619743600,10.2978,38.0217,4.06,1095,0,0,0,0.33,TRUE
1096,621644400,11.2375,45.8233,4.85,1096,0,0,0,0.1,TRUE
1097,621644400,8.6735,44.8562,4.55,1097,0,0,0,0.24,TRUE
1098,622594800,19.49,41.29,4.41,1098,0,0,0,0.1,TRUE
1099,623113200,7.3393,46.2732,4.11,1099,0,0,0,0.21,TRUE
1100,623372400,10.0588,44.4617,4.17,1100,0,0,0,0.21,TRUE
1102,623631600,15.6815,42.1185,4.59,1102,120,0,1,0.21,TRUE
1103,624754800,12.7157,41.7058,4.15,1103,121,0,1,0.21,TRUE
1105,625795200,15.3172,37.7143,4.11,1105,0,0,0,0.21,TRUE
1106,627264000,11.6322,47.4918,4.37,1106,0,0,0,0.21,TRUE
1108,627609600,15.792,38.1077,4.08,1108,0,0,0,0.21,TRUE
1109,630288000,12.706,42.991,4.44,1109,122,0,1,0.1,TRUE
1110,630633600,7.6763,43.6338,4.46,1110,0,0,0,0.21,TRUE
1111,633139200,16.9605,39.129,4.43,1111,0,0,0,0.1,TRUE
1112,633830400,15.6492,42.1408,4.43,1112,123,0,1,0.1,TRUE
1113,634694400,7.3927,44.9653,4.55,1113,0,0,0,0.16,TRUE
1115,635299200,16.5193,42.052,4.24,1115,0,0,0,0.1,TRUE
1116,637545600,15.0227,37.6507,4.04,1116,0,0,0,0.21,TRUE
1117,638578800,14.9835,38.1872,4.34,1117,0,0,0,0.16,TRUE
1118,639097200,17.4,43.42,4.75,1118,0,0,0,0.1,TRUE
1119,640134000,7.7667,43.6418,4.17,1119,0,0,0,0.21,TRUE
1121,641862000,15.8818,40.6495,5.77,1121,124,0,1,0.1,TRUE
1125,649378800,17.81,43.02,4.6,1125,0,0,0,0.1,TRUE
1128,652316400,15.8648,45.8985,4.82,1128,125,0,1,0.1,TRUE
1129,657158400,14.67,36.23,4.79,1129,0,0,0,0.1,TRUE
1130,658281600,14.0472,46.1355,4.59,1130,0,0,0,0.16,TRUE
1131,659664000,16.63,43.87,5.54,1131,0,0,0,0.1,TRUE
1132,661046400,15.3125,37.3132,5.61,1132,126,0,1,0.1,TRUE
1133,661132800,15.5652,39.2683,5.3,1133,0,0,0,0.1,TRUE
1135,663811200,11.853,43.7812,4.22,1135,0,0,0,0.16,TRUE
1136,666230400,6.7177,44.8512,4.33,1136,0,0,0,0.1,TRUE
1137,667526400,13.9248,40.0222,5.29,1137,0,0,0,0.1,TRUE
1138,670291200,16.3565,39.3997,4.02,1138,0,0,0,0.21,TRUE
1139,670978800,14.5373,37.8513,4.26,1139,0,0,0,0.21,TRUE
1140,671929200,16.8047,40.4015,4.13,1140,0,0,0,0.16,TRUE
1141,672706800,15.052,46.2512,4.15,1141,0,0,0,0.21,TRUE
1142,675212400,15.8217,40.689,5.08,1142,0,0,0,0.1,TRUE
1143,676594800,12.881,46.2657,4.35,1143,0,0,0,0.21,TRUE
1144,676940400,17.0497,38.7933,4.23,1144,0,0,0,0.16,TRUE
1145,682642800,15.0077,37.8958,4.49,1145,0,0,0,0.33,TRUE
1146,684198000,15.5102,37.9608,4.04,1146,0,0,0,0.21,TRUE
1147,684284400,18.75,42.16,4.39,1147,0,0,0,0.1,TRUE
1148,686444400,15.2743,38.7952,4.04,1148,0,0,0,0.21,TRUE
1149,686617200,12.0188,46.6807,4.66,1149,0,0,0,0.21,TRUE
1150,688867200,9.9978,44.9393,4.54,1150,0,0,0,0.16,TRUE
1151,690595200,9.3875,46.7623,5.36,1151,127,0,1,0.19,TRUE
1152,692755200,16.0738,39.1633,4.26,1152,0,0,0,0.16,TRUE
1153,692755200,14.9635,37.7227,4.69,1153,0,0,0,0.16,TRUE
1154,695606400,16.6333,39.6345,4.04,1154,0,0,0,0.21,TRUE
1156,698630400,14.3235,45.4988,4.31,1156,0,0,0,0.16,TRUE
1157,702514800,14.5173,37.8517,4.73,1157,0,0,0,0.1,TRUE
1158,703465200,11.0117,44.4327,4.15,1158,0,0,0,0.16,TRUE
1159,704156400,14.9607,38.5845,5.12,1159,0,0,0,0.1,TRUE
1160,705279600,9.5415,47.1658,4.41,1160,128,0,1,0.1,TRUE
1162,707007600,11.4092,44.1527,4.01,1162,0,0,0,0.18,TRUE
1163,707871600,18.81,43.84,4.33,1163,0,0,0,0.1,TRUE
1164,708217200,14.8757,45.8595,4.06,1164,0,0,0,0.21,TRUE
1165,711241200,14.2082,42.3012,4.22,1165,0,0,0,0.1,TRUE
1166,713055600,13.1268,37.3463,4.08,1166,0,0,0,0.21,TRUE
1167,714265200,17.8868,38.789,4.17,1167,0,0,0,0.21,TRUE
1168,714697200,13.3553,42.4112,4.02,1168,0,0,0,0.21,TRUE
1169,714956400,15.466,39.6267,4.53,1169,0,0,0,0.16,TRUE
1170,717548400,14.5887,37.8093,4.28,1170,0,0,0,0.16,TRUE
1171,719881200,13.2518,42.6185,4.04,1171,0,0,0,0.16,TRUE
1172,720921600,15.9218,41.5618,4.36,1172,0,0,0,0.16,TRUE
1173,722563200,18.0075,38.1465,4.33,1173,0,0,0,0.27,TRUE
1174,724896000,11.5672,36.9322,4.35,1174,0,0,0,0.21,TRUE
1175,727228800,12.21,43.6142,4.31,1175,0,0,0,0.21,TRUE
1176,734482800,7.5558,44.473,4.06,1176,0,0,0,0.33,TRUE
1177,738630000,15.2807,45.585,4.64,1177,0,0,0,0.16,TRUE
1178,738889200,16.47,46.17,4.68,1178,0,0,0,0.1,TRUE
1180,739234800,12.7245,43.1213,4.72,1180,129,0,1,0.1,TRUE
1181,740012400,8.2837,45.9642,4.13,1181,0,0,0,0.21,TRUE
1182,741049200,14.1642,38.0337,4.93,1182,0,0,0,0.1,TRUE
1183,742258800,10.2263,47.28,4.28,1183,0,0,0,0.33,TRUE
1184,742863600,8.2453,44.1993,4.66,1184,0,0,0,0.27,TRUE
1185,744937200,17.1012,39.5173,4.55,1185,0,0,0,0.21,TRUE
1186,747615600,12.4,35,5.25,1186,0,0,0,0.1,TRUE
1187,750380400,14.861,37.821,4.24,1187,0,0,0,0.16,TRUE
1188,752457600,12.2053,44.1942,4.06,1188,0,0,0,0.33,TRUE
1189,753494400,10.8605,42.634,4,1189,0,0,0,0.16,TRUE
1190,754358400,14.9618,38.7877,4.22,1190,0,0,0,0.16,TRUE
1191,755395200,10.1675,45.7735,4.03,1191,0,0,0,0.16,TRUE
1192,756691200,19.78,40.18,4.84,1192,0,0,0,0.1,TRUE
1193,757728000,15.409,38.9748,5.82,1193,0,0,0,0.1,TRUE
1194,757900800,17.3013,40.1845,4.03,1194,0,0,0,0.16,TRUE
1195,759024000,7.34,44.5543,4.33,1195,0,0,0,0.21,TRUE
1196,764208000,15.7075,39.6717,5.03,1196,0,0,0,0.1,TRUE
1197,764640000,16.775,38.9138,4.52,1197,0,0,0,0.16,TRUE
1198,765068400,10.1483,47.2303,4.82,1198,0,0,0,0.33,TRUE
1199,766796400,12.5805,46.3233,4.12,1199,0,0,0,0.1,TRUE
1200,766969200,14.9015,45.1748,4.16,1200,0,0,0,0.19,TRUE
1201,768178800,14.189,37.6518,4.34,1201,0,0,0,0.16,TRUE
1203,770511600,13.2265,42.4763,4.29,1203,130,0,1,0.21,TRUE
1204,773535600,14.997,38.3315,4,1204,0,0,0,0.21,TRUE
1205,774918000,14.0428,41.3775,4.71,1205,0,0,0,0.33,TRUE
1206,776214000,13.3478,41.9938,4.22,1206,0,0,0,0.16,TRUE
1207,776214000,15.6948,45.6437,4.71,1207,0,0,0,0.33,TRUE
1208,776386800,12.9978,36.2498,4.86,1208,0,0,0,0.21,TRUE
1209,779756400,9.17,36.46,4.73,1209,0,0,0,0.1,TRUE
1210,781916400,15.3838,39.6675,4.49,1210,0,0,0,0.16,TRUE
1211,782956800,11.1947,45.9872,4.12,1211,0,0,0,0.16,TRUE
1212,783302400,9.2147,45.0087,4,1212,0,0,0,0.21,TRUE
1213,783734400,15.1473,44.9073,4.06,1213,0,0,0,0.33,TRUE
1214,785894400,14.9102,38.369,4.08,1214,0,0,0,0.21,TRUE
1215,787363200,6.5022,45.9148,4.54,1215,0,0,0,0.16,TRUE
1216,789436800,19.95,37.92,4.94,1216,0,0,0,0.1,TRUE
1217,791078400,9.9817,37.5288,4.06,1217,0,0,0,0.33,TRUE
1218,791596800,11.1822,43.6638,4.93,1218,0,0,0,0.33,TRUE
1219,792374400,14.983,37.696,4.24,1219,0,0,0,0.21,TRUE
1220,794188800,10.0063,44.3662,4.24,1220,0,0,0,0.16,TRUE
1221,794620800,15.5528,37.8152,4.06,1221,0,0,0,0.21,TRUE
1222,797554800,13.8588,37.625,4.22,1222,0,0,0,0.21,TRUE
1223,798418800,7.5812,43.781,4.42,1223,0,0,0,0.21,TRUE
1224,800319600,15.2927,43.2093,4.16,1224,0,0,0,0.16,TRUE
1226,801097200,14.2337,45.5973,4.48,1226,131,0,1,0.1,TRUE
1227,801702000,12.1453,38.1332,4.78,1227,0,0,0,0.1,TRUE
1228,801702000,16.0477,40.2722,4.22,1228,0,0,0,0.16,TRUE
1229,805762800,17.41,42.75,4.87,1229,0,0,0,0.1,TRUE
1230,806454000,14.5953,38.5303,4.63,1230,0,0,0,0.18,TRUE
1231,807836400,16.5172,39.6997,4.48,1231,0,0,0,0.16,TRUE
1232,809218800,10.6697,44.1165,4.45,1232,0,0,0,0.1,TRUE
1233,809305200,17.64,45.37,4.73,1233,0,0,0,0.1,TRUE
1234,809478000,15.1795,38.3123,4.31,1234,0,0,0,0.16,TRUE
1235,811724400,8.25,35.33,5.34,1235,0,0,0,0.1,TRUE
1236,812242800,18.09,42.65,5.17,1236,0,0,0,0.1,TRUE
1237,812415600,15.9712,41.7903,5.15,1237,0,0,0,0.1,TRUE
1238,813279600,9.9978,44.1097,4.82,1238,0,0,0,0.1,TRUE
1239,814924800,9.849,45.7173,4.39,1239,0,0,0,0.16,TRUE
1240,816480000,8.5937,47.1537,4.18,1240,0,0,0,0.16,TRUE
1241,818121600,15.1822,43.272,4.34,1241,0,0,0,0.16,TRUE
1242,818467200,7.9542,44.7063,4.28,1242,0,0,0,0.33,TRUE
1243,820108800,12.1052,44.1295,4,1243,0,0,0,0.21,TRUE
1244,820108800,13.4063,36.7147,4.28,1244,0,0,0,0.16,TRUE
1245,820195200,13.3032,36.3882,4.66,1245,0,0,0,0.16,TRUE
1246,820368000,10.5667,44.4223,4.51,1246,0,0,0,0.1,TRUE
1247,820454400,13.445,43.0618,4.19,1247,132,0,1,0.21,TRUE
1249,823132800,19.86,37.76,5.29,1249,0,0,0,0.07,TRUE
1250,824342400,12.4928,36.251,4.1,1250,0,0,0,0.12,TRUE
1251,824774400,17.24,44.51,4.99,1251,0,0,0,0.07,TRUE
1252,825206400,15.7918,38.7335,4.78,1252,0,0,0,0.07,TRUE
1254,828230400,7.4737,45.7723,4.49,1254,0,0,0,0.16,TRUE
1255,828486000,15.454,40.6612,4.9,1255,0,0,0,0.07,TRUE
1256,829350000,12.5927,46.3163,4.76,1256,133,0,1,0.16,TRUE
1257,830386800,12.8367,36.3762,4.6,1257,0,0,0,0.33,TRUE
1258,830559600,16.4543,39.4933,4.7,1258,0,0,0,0.12,TRUE
1259,833583600,16.857,39.9913,4.06,1259,0,0,0,0.19,TRUE
1260,833756400,18.0223,38.0905,4.47,1260,0,0,0,0.14,TRUE
1261,835916400,9.9883,47.1515,4.08,1261,0,0,0,0.16,TRUE
1262,836866800,14.1203,42.8757,4.2,1262,0,0,0,0.16,TRUE
1263,836953200,12.338,43.3828,4.82,1263,0,0,0,0.33,TRUE
1264,837298800,14.9188,37.8018,4.12,1264,0,0,0,0.14,TRUE
1265,837385200,6.015,45.8873,5.06,1265,0,0,0,0.21,TRUE
1266,841878000,17.94,42.8,5.82,1266,134,0,1,0.07,TRUE
1270,845334000,10.6787,44.7988,5.38,1270,135,0,1,0.07,TRUE
1274,845766000,13.2637,42.559,4.36,1274,0,0,0,0.07,TRUE
1275,847584000,15.1985,41.6758,4.4,1275,0,0,0,0.14,TRUE
1276,848880000,8.5063,44.1665,4.01,1276,0,0,0,0.14,TRUE
1277,850521600,13.8998,37.8217,4.27,1277,0,0,0,0.07,TRUE
1278,851126400,13.1963,39.858,5.33,1278,0,0,0,0.07,TRUE
1279,853027200,19.67,40.96,4.84,1279,136,0,1,0.07,TRUE
1281,858384000,15.964,44.8963,4.16,1281,0,0,0,0.19,TRUE
1282,858729600,14.6308,41.392,4.52,1282,137,0,1,0.07,TRUE
1283,859248000,15.7017,37.1988,4.49,1283,0,0,0,0.07,TRUE
1286,863391600,12.526,42.7632,4.76,1286,0,0,0,0.19,TRUE
1287,865810800,16.1777,38.6048,4.26,1287,0,0,0,0.19,TRUE
1288,868316400,16.4002,39.2448,4.26,1288,0,0,0,0.19,TRUE
1289,869353200,19.82,41.26,4.62,1289,0,0,0,0.07,TRUE
1290,870217200,14.7718,37.2023,4.56,1290,0,0,0,0.19,TRUE
1291,873154800,15.0885,37.6435,4.06,1291,0,0,0,0.19,TRUE
1293,873241200,16.2315,38.3778,4.46,1293,139,0,1,0.19,TRUE
1299,875228400,12.8538,43.0147,5.97,1299,138,0,1,0.07,TRUE
1310,875746800,12.15,43.611,4.56,1310,140,0,1,0.19,TRUE
1340,878256000,6.7445,44.3217,4.27,1340,0,0,0,0.07,TRUE
1345,881020800,19.66,36.02,5.23,1345,0,0,0,0.07,TRUE
1348,882921600,15.0687,37.6922,4.46,1348,141,0,1,0.19,TRUE
1349,882921600,10.4877,44.1682,4.33,1349,0,0,0,0.07,TRUE
1352,884995200,12.7643,38.3907,4.83,1352,0,0,0,0.07,TRUE
1353,885772800,16.4743,42.4677,4.46,1353,0,0,0,0.19,TRUE
1355,888451200,17.2652,44.6665,4.47,1355,0,0,0,0.07,TRUE
1356,888710400,17.63,43.36,4.66,1356,0,0,0,0.07,TRUE
1357,889747200,14.2,45.59,4.25,1357,0,0,0,0.07,TRUE
1358,889747200,18.18,43.11,4.07,1358,0,0,0,0.07,TRUE
1364,891903600,15.8055,41.1043,4.36,1364,0,0,0,0.19,TRUE
1365,892335600,13.5707,46.2827,5.64,1365,142,0,1,0.07,TRUE
1368,895273200,18.23,43.57,4.35,1368,143,0,1,0.07,TRUE
1370,895446000,15.0243,39.063,5.41,1370,0,0,0,0.07,TRUE
1376,898297200,12.7947,38.4138,5.17,1376,144,0,1,0.07,TRUE
1379,899766000,17.6155,39.2523,4.16,1379,0,0,0,0.19,TRUE
1380,899766000,17.9328,39.8318,4.08,1380,0,0,0,0.3,TRUE
1381,903135600,13.0562,42.3622,4.42,1381,0,0,0,0.07,TRUE
1382,904258800,16.1038,37.6957,4.46,1382,0,0,0,0.19,TRUE
1383,904518000,14.3412,45.9083,4.31,1383,0,0,0,0.07,TRUE
1384,905295600,15.949,40.06,5.53,1384,145,0,1,0.07,TRUE
1385,905727600,13.7932,38.6975,5,1385,0,0,0,0.07,TRUE
1386,905986800,14.7645,46.0498,4.16,1386,0,0,0,0.19,TRUE
1387,906418800,15.8087,41.7928,4.56,1387,0,0,0,0.19,TRUE
1388,910656000,19.0583,39.133,4.08,1388,0,0,0,0.3,TRUE
1390,916531200,17.645,39.027,4.76,1390,0,0,0,0.19,TRUE
1391,917222400,11.9625,43.9805,4.36,1391,0,0,0,0.07,TRUE
1392,918950400,7.5332,46.662,4.36,1392,0,0,0,0.19,TRUE
1393,918950400,15.0215,38.226,4.66,1393,0,0,0,0.07,TRUE
1394,922834800,15.0373,36.8955,4.18,1394,0,0,0,0.3,TRUE
1395,923266800,15.3245,40.757,4.06,1395,0,0,0,0.19,TRUE
1396,923871600,14.2443,37.4188,4.16,1396,0,0,0,0.19,TRUE
1397,926550000,13.5558,46.2727,4.06,1397,0,0,0,0.19,TRUE
1398,928278000,14.0102,38.5425,4.16,1398,0,0,0,0.19,TRUE
1399,931302000,10.8522,44.2928,4.67,1399,0,0,0,0.07,TRUE
1400,933807600,15.0317,37.7223,4.26,1400,0,0,0,0.19,TRUE
1401,935967600,14.6383,37.532,4.86,1401,0,0,0,0.19,TRUE
1402,937263600,15.5598,39.7635,4.66,1402,0,0,0,0.07,TRUE
1403,939510000,13.2207,42.647,4.21,1403,146,0,1,0.07,TRUE
1404,939855600,15.965,37.2195,4.36,1404,147,0,1,0.19,TRUE
1406,940633200,14.7863,38.7182,4.88,1406,0,0,0,0.07,TRUE
1407,941238000,19.98,37.76,4.77,1407,0,0,0,0.07,TRUE
1408,943401600,19.76,40.27,4.33,1408,0,0,0,0.07,TRUE
1409,943747200,19.38,41.55,4.8,1409,0,0,0,0.07,TRUE
1412,946425600,10.2213,46.6108,4.78,1412,149,0,1,0.07,TRUE
1413,946512000,12.1023,38.3527,4.83,1413,0,0,0,0.07,TRUE
1415,947203200,11.5847,38.4172,4.36,1415,0,0,0,0.19,TRUE
1416,947635200,17.2135,39.1712,4.36,1416,148,0,1,0.19,TRUE
1417,952732800,13.0133,41.9645,4.25,1417,0,0,0,0.07,TRUE
1418,953251200,15.951,37.9535,4.16,1418,0,0,0,0.19,TRUE
1419,954370800,15.6673,39.5142,4.88,1419,0,0,0,0.07,TRUE
1420,954543600,11.6918,42.8313,4.52,1420,0,0,0,0.07,TRUE
1423,956703600,10.0717,41.0265,4.77,1423,150,0,1,0.07,TRUE
1424,956703600,19.7,43.56,4.21,1424,0,0,0,0.07,TRUE
1425,956876400,19.7,37.83,4.5,1425,0,0,0,0.07,TRUE
1426,957135600,11.9805,36.9422,4.16,1426,0,0,0,0.19,TRUE
1428,957481200,13.2427,44.049,4.01,1428,0,0,0,0.07,TRUE
1433,957913200,11.9325,44.2437,4.82,1433,151,0,1,0.07,TRUE
1438,961282800,10.6333,44.693,4.88,1438,153,0,1,0.3,TRUE
1439,961628400,12.4338,43.3453,4.47,1439,0,0,0,0.07,TRUE
1440,961628400,12.8867,43.11,4.68,1440,152,0,1,0.3,TRUE
1442,962060400,12.7462,42.459,4.08,1442,0,0,0,0.3,TRUE
1444,962060400,12.9233,41.8025,4.28,1444,154,0,1,0.3,TRUE
1445,963270000,16.057,47.308,4.3,1445,0,0,0,0.07,TRUE
1446,965084400,12.3378,43.9052,4.27,1446,0,0,0,0.07,TRUE
1447,965084400,15.8872,38.6542,4.48,1447,0,0,0,0.3,TRUE
1448,965257200,8.1898,44.257,4.28,1448,0,0,0,0.3,TRUE
1450,966553200,16.038,37.0515,4.06,1450,0,0,0,0.19,TRUE
1451,966812400,8.4328,44.7693,4.94,1451,0,0,0,0.07,TRUE
1452,966898800,19.8562,42.8017,4.08,1452,0,0,0,0.3,TRUE
1453,967417200,16.963,44.4168,4.06,1453,0,0,0,0.19,TRUE
1454,967590000,15.6997,42.1687,4.36,1454,0,0,0,0.19,TRUE
1456,970527600,10.6567,44.333,4.22,1456,0,0,0,0.07,TRUE
1457,970959600,17.8825,43.4018,4.16,1457,0,0,0,0.07,TRUE
1458,971478000,18.8508,44.0682,4.06,1458,0,0,0,0.19,TRUE
1460,973382400,15.0458,37.6918,4.16,1460,0,0,0,0.19,TRUE
1461,973555200,13.9282,38.5692,4.06,1461,0,0,0,0.19,TRUE
1462,973728000,16.0958,44.2458,4.22,1462,0,0,0,0.07,TRUE
1463,976924800,12.5863,42.5163,4.29,1463,0,0,0,0.07,TRUE
1464,978566400,14.843,38.7878,4.56,1464,0,0,0,0.07,TRUE
1465,978998400,15.1328,37.6878,4.06,1465,0,0,0,0.19,TRUE
1466,981417600,8.6928,44.074,4.17,1466,0,0,0,0.07,TRUE
1467,982972800,17.0692,43.8795,4.06,1467,0,0,0,0.19,TRUE
1468,983059200,7.4872,43.579,4.44,1468,0,0,0,0.07,TRUE
1469,983577600,9.8,41.3,4,1469,0,0,0,0.07,TRUE
1470,987462000,19.47,40.64,4.24,1470,0,0,0,0.07,TRUE
1471,987894000,14.9893,37.7227,4.19,1471,0,0,0,0.07,TRUE
1472,989362800,12.3692,36.7638,4.56,1472,0,0,0,0.19,TRUE
1473,990054000,15.5878,38.8885,4.97,1473,0,0,0,0.07,TRUE
1474,990226800,17.5503,37.931,5.36,1474,0,0,0,0.19,TRUE
1475,990831600,16.1277,37.3683,4.46,1475,0,0,0,0.07,TRUE
1476,991522800,15.8468,36.0995,4.26,1476,0,0,0,0.19,TRUE
1477,993337200,19.6675,39.4552,4.08,1477,0,0,0,0.3,TRUE
1478,993942000,16.14,47.75,4.04,1478,0,0,0,0.07,TRUE
1479,994028400,15.3725,41.7832,4.26,1479,0,0,0,0.07,TRUE
1481,994978800,14.9867,37.6763,4.26,1481,155,0,1,0.19,TRUE
1483,995324400,11.0745,46.6975,4.78,1483,0,0,0,0.07,TRUE
1484,995410800,8.4273,44.8013,4.23,1484,0,0,0,0.07,TRUE
1485,997570800,9.81,35.92,4.49,1485,0,0,0,0.07,TRUE
1486,999126000,15.3102,36.375,4.08,1486,0,0,0,0.3,TRUE
1487,1000422000,15.9915,37.5488,4.16,1487,0,0,0,0.19,TRUE
1488,1001199600,18.0018,39.7675,4.96,1488,0,0,0,0.19,TRUE
1489,1003359600,16.361,39.2638,4.28,1489,0,0,0,0.07,TRUE
1490,1003359600,15.05,38.55,4.43,1490,0,0,0,0.07,TRUE
1491,1005091200,10.186,41.4785,4.35,1491,0,0,0,0.07,TRUE
1492,1006646400,13.97,37.8418,4.69,1492,0,0,0,0.07,TRUE
1493,1006732800,12.1087,43.6,4.63,1493,156,0,1,0.07,TRUE
1494,1008201600,7.47,35.085,4.05,1494,0,0,0,0.07,TRUE
1495,1009756800,15.0315,44.8483,4.26,1495,0,0,0,0.19,TRUE
1496,1012435200,6.36,35.31,4.34,1496,0,0,0,0.07,TRUE
1497,1013644800,13.1178,46.3928,4.67,1497,0,0,0,0.07,TRUE
1499,1017961200,15.4797,39.1655,4.56,1499,0,0,0,0.19,TRUE
1500,1017961200,14.74,38.48,4.49,1500,0,0,0,0.07,TRUE
1501,1017961200,16.668,39.2328,4.38,1501,157,0,1,0.3,TRUE
1505,1018998000,16.8798,39.6837,4.84,1505,0,0,0,0.07,TRUE
1506,1019084400,15.5467,40.5847,4.34,1506,0,0,0,0.07,TRUE
1507,1022540400,19.82,42.41,4.38,1507,158,0,1,0.07,TRUE
1509,1024354800,10.683,44.3958,4.3,1509,159,0,1,0.07,TRUE
1511,1024873200,9.89,35.85,5.11,1511,0,0,0,0.07,TRUE
1512,1026082800,15.2842,40.7118,4.06,1512,0,0,0,0.19,TRUE
1513,1031266800,13.6543,38.3813,5.91,1513,160,0,1,0.07,TRUE
1520,1031526000,19.98,37.63,4.4,1520,0,0,0,0.07,TRUE
1525,1032562800,16.545,42.3252,4.16,1525,0,0,0,0.19,TRUE
1529,1035327600,17.338,42.7073,4.26,1529,0,0,0,0.07,TRUE
1534,1035673200,15.106,37.7655,4.84,1534,161,0,1,0.07,TRUE
1542,1036022400,14.8932,41.7167,5.74,1542,162,0,1,0.07,TRUE
1549,1036195200,12.14,44.59,4.46,1549,0,0,0,0.19,TRUE
1554,1037145600,10.4777,45.6262,4.21,1554,0,0,0,0.07,TRUE
1556,1038700800,11.6642,36.5803,4.16,1556,0,0,0,0.19,TRUE
1557,1038700800,11.5265,36.0888,4.26,1557,0,0,0,0.19,TRUE
1559,1039392000,19.97,37.87,4.64,1559,0,0,0,0.07,TRUE
1560,1043539200,11.96,43.883,4.67,1560,163,0,1,0.07,TRUE
1563,1044316800,16.167,43.186,4.07,1563,0,0,0,0.07,TRUE
1566,1048896000,15.464,43.109,5.43,1566,164,0,1,0.07,TRUE
1571,1050015600,8.868,44.758,4.81,1571,0,0,0,0.07,TRUE
1576,1052521200,16.98,43.91,4.39,1576,0,0,0,0.07,TRUE
1579,1055718000,19.73,37.69,4.64,1579,0,0,0,0.07,TRUE
1581,1056927600,10.189,43.65,4.35,1581,0,0,0,0.22,TRUE
1582,1057532400,14.814,35.27,4.32,1582,0,0,0,0.07,TRUE
1583,1058742000,14.33,47.16,4.01,1583,0,0,0,0.07,TRUE
1584,1059778800,17.7,43.01,4.72,1584,0,0,0,0.07,TRUE
1585,1063494000,11.38,44.255,5.24,1585,165,0,1,0.07,TRUE
1587,1064012400,7.24,36.79,4.47,1587,0,0,0,0.07,TRUE
1588,1068768000,14.568,40.339,4.28,1588,0,0,0,0.07,TRUE
1589,1070668800,19.217,41.935,4.67,1589,0,0,0,0.07,TRUE
1590,1070755200,12.18,44.162,4.18,1590,0,0,0,0.07,TRUE
1591,1072742400,14.849,41.64,4.53,1591,0,0,0,0.07,TRUE
1592,1077494400,6.271,47.272,4.41,1592,0,0,0,0.07,TRUE
1593,1077580800,15.436,40.719,4.06,1593,0,0,0,0.22,TRUE
1594,1078272000,15.197,39.826,4.55,1594,0,0,0,0.07,TRUE
1595,1078963200,19.879,38.477,4.3,1595,0,0,0,0.07,TRUE
1596,1.08e+09,19.73,43.29,4.25,1596,0,0,0,0.07,TRUE
1597,1082156400,17.126,38.724,4.06,1597,0,0,0,0.22,TRUE
1598,1083711600,14.879,38.505,5.42,1598,0,0,0,0.07,TRUE
1599,1085266800,17.45,43.41,4.91,1599,0,0,0,0.07,TRUE
1600,1089586800,13.637,46.357,5.12,1600,0,0,0,0.07,TRUE
1601,1094166000,15.684,40.701,4.41,1601,0,0,0,0.07,TRUE
1602,1095116400,14.659,45.316,4.12,1602,0,0,0,0.07,TRUE
1603,1099177200,18.003,43.025,4.18,1603,0,0,0,0.16,TRUE
1604,1101254400,10.521,45.685,4.99,1604,0,0,0,0.07,TRUE
1605,1101340800,15.443,43.132,5.25,1605,166,0,1,0.07,TRUE
1609,1102377600,19.67,39.94,4.15,1609,0,0,0,0.07,TRUE
1610,1102550400,13.791,42.79,4.09,1610,0,0,0,0.07,TRUE
1613,1103328000,10.168,40.898,4.57,1613,167,0,1,0.07,TRUE
1616,1107734400,10.87,36.22,5.01,1616,168,0,1,0.07,TRUE
1617,1108166400,19.7,39.92,4.22,1617,0,0,0,0.07,TRUE
1618,1109721600,15.485,38.635,4.13,1618,0,0,0,0.07,TRUE
1619,1110499200,19.91,42.39,4.2,1619,0,0,0,0.07,TRUE
1620,1114124400,15.17,35.474,4.01,1620,0,0,0,0.17,TRUE
1621,1114210800,16.826,39.458,4.25,1621,0,0,0,0.19,TRUE
1622,1114297200,14.258,45.544,4,1622,0,0,0,0.07,TRUE
1623,1116284400,10.185,43.617,4.02,1623,0,0,0,0.17,TRUE
1624,1116457200,18.95,42.72,4.34,1624,0,0,0,0.07,TRUE
1625,1117666800,15.307,39.589,4.02,1625,0,0,0,0.17,TRUE
1626,1118444400,19.661,40.507,4.01,1626,0,0,0,0.07,TRUE
1627,1120345200,17.416,42.755,4.13,1627,0,0,0,0.07,TRUE
1628,1120950000,19.974,42.279,5.15,1628,0,0,0,0.07,TRUE
1629,1121382000,12.117,44.207,4.29,1629,0,0,0,0.07,TRUE
1630,1122332400,12.711,40.003,4.4,1630,0,0,0,0.07,TRUE
1631,1123974000,15.495,38.875,4.03,1631,0,0,0,0.19,TRUE
1632,1124665200,12.446,41.365,4.78,1632,0,0,0,0.07,TRUE
1633,1126134000,6.959,46.008,4.44,1633,0,0,0,0.07,TRUE
1634,1127775600,18.2,43.15,5.04,1634,0,0,0,0.07,TRUE
1635,1132531200,14.105,37.597,4.56,1635,0,0,0,0.07,TRUE
1636,1134604800,12.76,42.738,4.14,1636,0,0,0,0.13,TRUE
1637,1138406400,17.491,43.365,4.13,1637,0,0,0,0.07,TRUE
1638,1140998400,15.2,38.155,4.38,1638,0,0,0,0.07,TRUE
1639,1143158400,9,38.898,4.06,1639,0,0,0,0.17,TRUE
1640,1143586800,13.84,37.696,4.1,1640,0,0,0,0.13,TRUE
1641,1144623600,13.488,43.396,4.06,1641,0,0,0,0.07,TRUE
1642,1145142000,11.798,43.957,4.46,1642,0,0,0,0.07,TRUE
1643,1145228400,17.14,39.572,4.76,1643,0,0,0,0.07,TRUE
1644,1145228400,10.213,43.621,4.16,1644,0,0,0,0.07,TRUE
1645,1145746800,15.053,37.038,4.04,1645,0,0,0,0.13,TRUE
1649,1148857200,15.903,41.801,4.64,1649,0,0,0,0.07,TRUE
1650,1148943600,16.519,37.63,4.45,1650,0,0,0,0.07,TRUE
1652,1150930800,16.623,39.709,4.7,1652,0,0,0,0.07,TRUE
1654,1154991600,19.7,40.2,4.86,1654,169,0,1,0.07,TRUE
1657,1156546800,19.296,41.948,4.34,1657,0,0,0,0.19,TRUE
1661,1157583600,16.162,40.591,4.05,1661,0,0,0,0.07,TRUE
1662,1159225200,19.9,42.293,4.85,1662,170,0,1,0.2,TRUE
1663,1159916400,15.746,42.074,4.3,1663,0,0,0,0.07,TRUE
1665,1161385200,12.98,43.628,4.21,1665,0,0,0,0.07,TRUE
1666,1161817200,15.495,38.658,5.79,1666,171,0,1,0.07,TRUE
1667,1162512000,19.391,36.366,4.75,1667,0,0,0,0.07,TRUE
1668,1162684800,13.819,39.69,4.72,1668,0,0,0,0.07,TRUE
1669,1162857600,18.324,35.878,4.27,1669,0,0,0,0.07,TRUE
1670,1164240000,12.679,35.883,4.77,1670,0,0,0,0.07,TRUE
1671,1164326400,15.796,36.232,4.43,1671,0,0,0,0.07,TRUE
1672,1165708800,16.281,42.008,4.48,1672,0,0,0,0.07,TRUE
1673,1166486400,14.913,37.778,4.2,1673,0,0,0,0.07,TRUE
1674,1170460800,17.863,43.318,4.37,1674,0,0,0,0.07,TRUE
1675,1170633600,15.11,45.075,4.42,1675,0,0,0,0.07,TRUE
1676,1171152000,16.067,35.242,4.04,1676,0,0,0,0.13,TRUE
1677,1172102400,15.558,39.985,4.45,1677,0,0,0,0.07,TRUE
1678,1175122800,13.202,42.829,4.08,1678,0,0,0,0.13,TRUE
1679,1176159600,12.912,36.926,4.29,1679,0,0,0,0.13,TRUE
1680,1176678000,19.9,41.2,4.85,1680,172,0,1,0.07,TRUE
1681,1177542000,16.367,39.535,4,1681,0,0,0,0.13,TRUE
1682,1178665200,10.478,44.801,4.21,1682,0,0,0,0.07,TRUE
1683,1180047600,16.834,39.658,4.41,1683,0,0,0,0.13,TRUE
1686,1184713200,15.376,43.769,4.29,1686,0,0,0,0.19,TRUE
1687,1185058800,13.671,41.905,4.09,1687,0,0,0,0.19,TRUE
1688,1185750000,10.003,44.898,4.45,1688,0,0,0,0.07,TRUE
1689,1185922800,17.176,39.003,4.41,1689,0,0,0,0.13,TRUE
1690,1187391600,15.173,38.275,4.48,1690,0,0,0,0.07,TRUE
1691,1188946800,19.4,41.4,4.78,1691,0,0,0,0.07,TRUE
1692,1192662000,17.83,43.23,4.3,1692,0,0,0,0.07,TRUE
1693,1192662000,14.817,41.695,4.04,1693,0,0,0,0.13,TRUE
1694,1192921200,12.963,42.401,4.19,1694,0,0,0,0.07,TRUE
1695,1195862400,18.2,44.07,4.05,1695,0,0,0,0.07,TRUE
1696,1195862400,19.979,41.278,4.19,1696,0,0,0,0.13,TRUE
1697,1196467200,15.85,39.978,4.66,1697,0,0,0,0.07,TRUE
1698,1196467200,16.43,42.46,4.1,1698,0,0,0,0.19,TRUE
1699,1200614400,16.525,39.14,4.1,1699,0,0,0,0.13,TRUE
1700,1203465600,13.78,41.582,4.29,1700,0,0,0,0.07,TRUE
1701,1203552000,17.99,37.52,4.71,1701,0,0,0,0.07,TRUE
1702,1204329600,11.253,44.063,4.72,1702,173,0,1,0.07,TRUE
1706,1204675200,19.67,40.22,4.05,1706,0,0,0,0.07,TRUE
1707,1205884800,15.858,41.898,4.18,1707,0,0,0,0.07,TRUE
1708,1206489600,9.81,44.342,4.18,1708,0,0,0,0.07,TRUE
1709,1207609200,16.525,39.158,4.37,1709,0,0,0,0.07,TRUE
1710,1207954800,12.584,41.784,4.12,1710,0,0,0,0.13,TRUE
1711,1212102000,15.059,40.573,4,1711,0,0,0,0.19,TRUE
1712,1212361200,6.53,36.45,4.07,1712,0,0,0,0.07,TRUE
1713,1214953200,12.665,36.152,4.11,1713,0,0,0,0.19,TRUE
1714,1224802800,7.275,44.361,4.11,1714,0,0,0,0.07,TRUE
1715,1225324800,15.435,38.895,4.18,1715,0,0,0,0.19,TRUE
1716,1226448000,16.484,36.995,4,1716,0,0,0,0.19,TRUE
1717,1227139200,17.373,39.169,4.51,1717,0,0,0,0.07,TRUE
1718,1227830400,13.823,37.617,4.44,1718,0,0,0,0.07,TRUE
1719,1229472000,15.586,39.168,5.23,1719,174,0,1,0.07,TRUE
1720,1229990400,10.345,44.544,5.36,1720,175,0,1,0.07,TRUE
1724,1236384000,19.495,41.177,4.2,1724,0,0,0,0.19,TRUE
1725,1237420800,12.732,36.472,4.01,1725,0,0,0,0.13,TRUE
1727,1237939200,19.647,40.247,4.46,1727,0,0,0,0.2,TRUE
1728,1238198400,16.679,42.191,4.04,1728,0,0,0,0.19,TRUE
1730,1238886000,11.913,44.23,4.71,1730,0,0,0,0.07,TRUE
1732,1238972400,13.38,42.342,6.29,1732,176,0,1,0.07,TRUE
1757,1240095600,7.868,44.735,4.19,1757,0,0,0,0.19,TRUE
1760,1241478000,7.7,47.7,4.37,1760,0,0,0,0.19,TRUE
1761,1241650800,15.7,47.6,4.35,1761,0,0,0,0.07,TRUE
1762,1245538800,17.339,43.394,4.7,1762,0,0,0,0.07,TRUE
1766,1247353200,19.586,40.237,4.2,1766,0,0,0,0.19,TRUE
1767,1248735600,18.814,41.397,4.29,1767,0,0,0,0.19,TRUE
1769,1249513200,13.669,41.648,4.23,1769,0,0,0,0.13,TRUE
1770,1250809200,19.19,41.847,5.02,1770,0,0,0,0.07,TRUE
1771,1252278000,14.044,38.728,4.76,1771,0,0,0,0.07,TRUE
1772,1252364400,18.004,43.264,4.1,1772,0,0,0,0.19,TRUE
1773,1252882800,11.275,44.025,4.4,1773,0,0,0,0.13,TRUE
1774,1252969200,14.885,38.561,4.03,1774,0,0,0,0.19,TRUE
1775,1252969200,19.48,41.15,4.46,1775,0,0,0,0.2,TRUE
1776,1253142000,19.96,39.95,4.45,1776,0,0,0,0.07,TRUE
1777,1253401200,13.418,43.399,4.65,1777,0,0,0,0.07,TRUE
1779,1255388400,18.352,37.526,4.02,1779,0,0,0,0.19,TRUE
1780,1255906800,9.772,44.814,4.12,1780,0,0,0,0.07,TRUE
1781,1257033600,17.984,37.514,4.54,1781,0,0,0,0.2,TRUE
1782,1257552000,13.851,37.634,4.24,1782,0,0,0,0.19,TRUE
1783,1257638400,14.557,37.847,4.52,1783,0,0,0,0.07,TRUE
1784,1257897600,19.9,40.4,4.15,1784,0,0,0,0.19,TRUE
1785,1258934400,15.55,39.552,4.47,1785,0,0,0,0.07,TRUE
1786,1260835200,12.271,43.007,4.22,1786,0,0,0,0.07,TRUE
1787,1261180800,14.954,37.771,4.43,1787,177,0,1,0.2,TRUE
1790,1263254400,13.451,43.119,4.22,1790,178,0,1,0.07,TRUE
1792,1265846400,19.509,42.204,4.56,1792,0,0,0,0.07,TRUE
1793,1270162800,15.151,37.797,4.2,1793,0,0,0,0.07,TRUE
1794,1270854000,6.23,35.99,4.38,1794,0,0,0,0.07,TRUE
1795,1271286000,12.425,43.468,4.02,1795,0,0,0,0.07,TRUE
1796,1274914800,13.85,39.688,4.08,1796,0,0,0,0.19,TRUE
1797,1275606000,16.765,42.324,4.28,1797,0,0,0,0.07,TRUE
1798,1276642800,16.13,38.856,4.13,1798,0,0,0,0.07,TRUE
1799,1276988400,17.113,43.703,4.38,1799,0,0,0,0.07,TRUE
1800,1278630000,19.761,41.137,4.79,1800,0,0,0,0.07,TRUE
1801,1281913200,14.919,38.41,4.68,1801,0,0,0,0.07,TRUE
1802,1282431600,19.95,37.24,5.54,1802,0,0,0,0.07,TRUE
1803,1282950000,12.654,42.834,4.16,1803,0,0,0,0.07,TRUE
1805,1284505200,14.259,45.567,4.1,1805,0,0,0,0.19,TRUE
1806,1284678000,15.623,41.472,4.29,1806,0,0,0,0.07,TRUE
1807,1286924400,12.383,44.205,4.09,1807,179,0,1,0.07,TRUE
1808,1287097200,16.633,38.873,4.4,1808,0,0,0,0.07,TRUE
1809,1288742400,13.274,39.983,5.15,1809,0,0,0,0.07,TRUE
1810,1289347200,14.195,35.162,4.12,1810,0,0,0,0.19,TRUE
1811,1289606400,9.42,35.08,4.65,1811,0,0,0,0.07,TRUE
1814,1295827200,18.859,43.136,4.45,1814,180,0,1,0.07,TRUE
1815,1296259200,18.38,47.51,4.32,1815,0,0,0,0.07,TRUE
1816,1297123200,17.358,43.867,4.13,1816,0,0,0,0.19,TRUE
1817,1302908400,17.795,44.348,4.13,1817,0,0,0,0.19,TRUE
1818,1303599600,14.905,35.826,4.2,1818,0,0,0,0.07,TRUE
1819,1303945200,17.308,44.738,4.41,1819,0,0,0,0.07,TRUE
1820,1304636400,14.963,37.79,4.3,1820,0,0,0,0.07,TRUE
1821,1304636400,15.04,44.949,4.3,1821,0,0,0,0.19,TRUE
1822,1305759600,15.13,39.065,4.66,1822,0,0,0,0.07,TRUE
1824,1307574000,19.75,40.69,4.38,1824,0,0,0,0.07,TRUE
1825,1308265200,16.5,43.82,4,1825,0,0,0,0.07,TRUE
1826,1308783600,14.784,38.064,4.7,1826,182,0,1,0.07,TRUE
1829,1309993200,7.625,42.026,5.08,1829,183,0,1,0.07,TRUE
1830,1310425200,11.855,43.927,4.29,1830,181,0,1,0.07,TRUE
1832,1310857200,11.367,45.01,4.68,1832,0,0,0,0.07,TRUE
1833,1311030000,19.92,37.21,5.11,1833,0,0,0,0.07,TRUE
1834,1311548400,7.365,45.016,4.55,1834,0,0,0,0.07,TRUE
1835,1313362800,17.811,43.025,4,1835,0,0,0,0.07,TRUE
1836,1313794800,17.56,43.39,4.21,1836,0,0,0,0.19,TRUE
1837,1316905200,18.472,42.389,4.22,1837,0,0,0,0.07,TRUE
1838,1319065200,9.416,44.528,4.23,1838,184,0,1,0.07,TRUE
1840,1319842800,10.911,45.712,4.05,1840,0,0,0,0.07,TRUE
1841,1320364800,14.989,39.872,4.07,1841,0,0,0,0.19,TRUE
1842,1321315200,14.671,38.274,4.21,1842,0,0,0,0.07,TRUE
1843,1323648000,19.586,43.286,4.61,1843,0,0,0,0.07,TRUE
1844,1323820800,17.89,42.93,4.14,1844,0,0,0,0.19,TRUE
1845,1324166400,12.652,35.976,4.69,1845,0,0,0,0.07,TRUE
1846,1327363200,10.985,45.528,4.04,1846,0,0,0,0.07,TRUE
1848,1327622400,10.009,44.523,5.06,1848,0,0,0,0.07,TRUE
1850,1330214400,6.759,44.502,4.41,1850,0,0,0,0.07,TRUE
1851,1330819200,7.656,42.097,4.45,1851,0,0,0,0.07,TRUE
1852,1330905600,9.354,44.494,4.22,1852,0,0,0,0.07,TRUE
1853,1332716400,19.342,41.779,4.63,1853,0,0,0,0.19,TRUE
1854,1333234800,15.774,39.722,4.05,1854,0,0,0,0.19,TRUE
1855,1334271600,13.304,38.345,4.53,1855,186,0,1,0.07,TRUE
1856,1334962800,17.97,43.02,4.06,1856,0,0,0,0.19,TRUE
1858,1337468400,11.2635,44.8955,6.09,1858,185,0,1,0.07,TRUE
1880,1338159600,16.1022,39.8692,4.48,1880,0,0,0,0.07,TRUE
1897,1338937200,12.3222,44.3995,4.2,1897,0,0,0,0.07,TRUE
1898,1339196400,12.4882,46.1803,4.15,1898,0,0,0,0.07,TRUE
1900,1339974000,6.7183,39.7957,4.58,1900,0,0,0,0.07,TRUE
1901,1341356400,16.7988,37.4747,4.65,1901,0,0,0,0.07,TRUE
1902,1341356400,15.1597,38.4152,4.32,1902,0,0,0,0.07,TRUE
1903,1343343600,18.0015,44.2405,4.66,1903,188,0,1,0.07,TRUE
1905,1343948400,16.77,43.98,4.45,1905,0,0,0,0.07,TRUE
1906,1344726000,16.2543,41.7267,4.07,1906,0,0,0,0.07,TRUE
1907,1344812400,13.7277,38.528,4.15,1907,0,0,0,0.07,TRUE
1908,1346108400,15.7282,38.2052,4.67,1908,189,0,1,0.07,TRUE
1909,1346713200,19.93,41.1,4.26,1909,0,0,0,0.07,TRUE
1910,1347663600,13.0833,36.3355,4,1910,0,0,0,0.19,TRUE
1911,1348700400,14.9208,41.1763,4.42,1911,0,0,0,0.07,TRUE
1912,1348873200,14.8245,38.4917,4.48,1912,0,0,0,0.07,TRUE
1913,1349218800,7.2343,44.5835,4.02,1913,0,0,0,0.07,TRUE
1914,1349218800,9.6703,44.7828,4.52,1914,0,0,0,0.07,TRUE
1916,1351119600,16.0158,39.8747,5.32,1916,190,0,1,0.07,TRUE
1919,1352764800,18.9612,42.5223,4.54,1919,191,0,1,0.07,TRUE
1923,1354492800,14.7847,46.1903,4.17,1923,0,0,0,0.19,TRUE
1924,1354665600,13.6617,42.9153,4.29,1924,0,0,0,0.07,TRUE
1925,1355356800,19.6553,41.1323,4.16,1925,0,0,0,0.07,TRUE
1926,1357257600,14.7195,37.8787,4.37,1926,192,0,1,0.07,TRUE
1928,1359072000,10.4458,44.1643,4.98,1928,0,0,0,0.07,TRUE
1929,1359590400,19.8673,39.778,4.13,1929,0,0,0,0.19,TRUE
1930,1359763200,14.6327,46.4622,4.43,1930,0,0,0,0.07,TRUE
1932,1359936000,16.45,43.76,4.42,1932,193,0,1,0.19,TRUE
1933,1360972800,13.5697,41.7143,4.93,1933,0,0,0,0.07,TRUE
1934,1364083200,16.4712,37.7075,4.57,1934,0,0,0,0.07,TRUE
1936,1371769200,10.1357,44.1308,5.32,1936,195,0,1,0.07,TRUE
1938,1371855600,19.58,40.21,4.35,1938,0,0,0,0.07,TRUE
1941,1373497200,12.0552,43.8162,4.21,1941,0,0,0,0.07,TRUE
1942,1374361200,13.7225,43.5088,5.1,1942,194,0,1,0.07,TRUE
1944,1375138800,15.08,45.14,4.42,1944,0,0,0,0.07,TRUE
1945,1376521200,14.9137,38.1627,4.56,1945,196,0,1,0.07,TRUE
1948,1377298800,15.0773,36.7135,4.13,1948,0,0,0,0.19,TRUE
1949,1378076400,15.2467,39.5792,4.51,1949,0,0,0,0.07,TRUE
1950,1382050800,10.95,35.7,4.75,1950,197,0,1,0.07,TRUE
1952,1384732800,16.9502,43.6482,4.37,1952,0,0,0,0.07,TRUE
1953,1386633600,19.27,42.43,4.29,1953,0,0,0,0.07,TRUE
1954,1387065600,15.0343,36.6717,4.11,1954,0,0,0,0.07,TRUE
1956,1387497600,14.8035,41.6835,4.18,1956,0,0,0,0.07,TRUE
1957,1387670400,12.519,43.3812,4.18,1957,198,0,1,0.07,TRUE
1958,1388275200,17.2092,43.0538,4.24,1958,0,0,0,0.07,TRUE
1959,1388275200,14.4342,41.3952,5.14,1959,199,0,1,0.07,TRUE
1961,1389657600,14.9035,38.3925,4.1,1961,200,0,1,0.07,TRUE
1963,1390176000,19.46,41.27,4.63,1963,201,0,1,0.07,TRUE
1967,1390694400,19.96,43.28,4.54,1967,0,0,0,0.07,TRUE
1968,1390867200,17.1,44.98,4.04,1968,0,0,0,0.07,TRUE
1971,1394668800,14.8955,45.673,5.04,1971,0,0,0,0.07,TRUE
1972,1396652400,17.2525,38.766,4.82,1972,0,0,0,0.07,TRUE
1973,1396825200,6.7067,44.4975,4.91,1973,0,0,0,0.07,TRUE
1974,1398034800,19.2993,41.7918,4.23,1974,0,0,0,0.07,TRUE
1975,1398121200,14.2533,45.6223,4.55,1975,0,0,0,0.07,TRUE
1976,1399417200,19.78,37.75,4.34,1976,0,0,0,0.07,TRUE
1977,1400454000,19.82,40.95,5.05,1977,202,0,1,0.07,TRUE
1979,1402009200,16.091,39.8997,4.25,1979,0,0,0,0.07,TRUE
1980,1407106800,15.7302,38.6913,4.08,1980,0,0,0,0.07,TRUE
1981,1409353200,16.28,44.42,4.04,1981,0,0,0,0.07,TRUE
1982,1409871600,18.8615,39.1887,4.05,1982,0,0,0,0.07,TRUE
1983,1410044400,19.88,37.61,4.58,1983,0,0,0,0.07,TRUE
1984,1410044400,10.6717,44.1188,4.35,1984,0,0,0,0.07,TRUE
1985,1411686000,16.4352,36.7422,4.16,1985,0,0,0,0.07,TRUE
1986,1412031600,18.35,43.06,4.27,1986,0,0,0,0.07,TRUE
1987,1412809200,14.7362,38.5318,4.09,1987,0,0,0,0.07,TRUE
1988,1415577600,19.4707,39.2428,4.18,1988,0,0,0,0.19,TRUE
1989,1418515200,15.141,40.4557,4.34,1989,0,0,0,0.07,TRUE
1991,1418947200,11.2405,43.6058,4.27,1991,203,0,1,0.07,TRUE
1992,1419379200,14.9557,41.7067,4.22,1992,0,0,0,0.07,TRUE
1993,1419724800,16.3575,39.289,4.52,1993,0,0,0,0.07,TRUE
1994,1419811200,19.2918,41.6115,4.73,1994,0,0,0,0.07,TRUE
1995,1420156800,15.5188,39.8685,4.05,1995,0,0,0,0.19,TRUE
1996,1421971200,11.1207,44.1275,4.46,1996,0,0,0,0.07,TRUE
1997,1422576000,13.1738,46.3857,4.02,1997,0,0,0,0.07,TRUE
1998,1423180800,15.1562,38.6963,4.82,1998,204,0,1,0.07,TRUE
1999,1425081600,13.534,41.9498,4.36,1999,0,0,0,0.07,TRUE
2001,1425772800,19.88,44.07,4.48,2001,0,0,0,0.07,TRUE
2002,1427842800,16.41,44.33,4.24,2002,0,0,0,0.07,TRUE
2003,1428793200,18.56,43.76,4.17,2003,205,0,1,0.07,TRUE
2005,1429830000,11.9085,44.2498,4.15,2005,0,0,0,0.19,TRUE
2007,1431298800,16.7903,37.1827,4.55,2007,0,0,0,0.07,TRUE
2008,1432162800,19.8611,37.8053,4.34,2008,206,0,1,0.07,TRUE
2010,1432854000,14.3837,42.9652,4.49,2010,0,0,0,0.07,TRUE
2011,1435273200,12.6435,36.0683,4,2011,0,0,0,0.19,TRUE
2012,1436137200,19.4077,42.4682,4.3,2012,0,0,0,0.19,TRUE
2013,1438470000,15.7382,39.3998,4.2,2013,0,0,0,0.07,TRUE
2014,1438556400,16.4895,39.1482,4.23,2014,0,0,0,0.07,TRUE
2015,1438988400,14.2695,38.5513,4.03,2015,0,0,0,0.07,TRUE
2016,1440802800,13.5887,46.314,4.05,2016,0,0,0,0.07,TRUE
2017,1440802800,12.1198,38.5413,4.37,2017,0,0,0,0.07,TRUE
2018,1442098800,11.2303,43.6047,4.01,2018,0,0,0,0.07,TRUE
2019,1444777200,14.833,38.8163,4.35,2019,0,0,0,0.07,TRUE
2020,1444950000,15.7312,39.4242,4.43,2020,0,0,0,0.07,TRUE
2021,1446336000,15.5725,45.878,4.39,2021,0,0,0,0.07,TRUE
2025,1449360000,15.2387,42.4007,4.58,2025,207,0,1,0.07,TRUE
2026,1450569600,13.5663,38.3418,4.41,2026,0,0,0,0.07,TRUE
2027,1451347200,19.89,37.42,4.05,2027,0,0,0,0.07,TRUE
2028,1451692800,11.9838,36.4637,4.24,2028,0,0,0,0.07,TRUE
2029,1452038400,15.5973,39.8397,4.4,2029,0,0,0,0.07,TRUE
2030,1452211200,18.52,42.93,4.5,2030,0,0,0,0.07,TRUE
2031,1452643200,14.7908,36.0702,4.17,2031,0,0,0,0.07,TRUE
2032,1452902400,14.5987,41.5272,4.42,2032,0,0,0,0.07,TRUE
2033,1452988800,12.7078,36.4813,4.04,2033,0,0,0,0.19,TRUE
2034,1454889600,14.8678,36.9745,4.43,2034,0,0,0,0.07,TRUE
2035,1455408000,17.45,43.0022,4.14,2035,0,0,0,0.07,TRUE
2036,1457222400,16.7427,38.1983,4.16,2036,0,0,0,0.07,TRUE
2037,1458086400,19.2703,40.5848,4.05,2037,0,0,0,0.19,TRUE
2038,1459036800,19.3567,41.3077,4.15,2038,0,0,0,0.07,TRUE
2040,1460156400,19.8259,37.742,4.39,2040,208,0,1,0.07,TRUE
2041,1464130800,15.8007,36.8023,4.05,2041,0,0,0,0.07,TRUE
2042,1464562800,11.9762,42.7003,4.34,2042,0,0,0,0.07,TRUE
2043,1464822000,11.1357,36.3867,4.39,2043,0,0,0,0.07,TRUE
2044,1464908400,13.026,36.1657,4.09,2044,0,0,0,0.07,TRUE
2045,1466636400,9.9227,44.1603,4.05,2045,0,0,0,0.07,TRUE
2046,1467673200,17.0553,37.4973,4.07,2046,0,0,0,0.07,TRUE
2068,1477350000,11.0007,43.6063,4.08,2068,0,0,0,0.07,TRUE
2081,1477609200,13.5468,39.2672,5.81,2081,0,0,0,0.07,TRUE
2082,1477695600,15.8397,39.9507,4.41,2082,0,0,0,0.07,TRUE
2084,1477695600,19.67,39.94,4.13,2084,0,0,0,0.07,TRUE
2085,1477782000,13.1092,42.8303,6.61,2085,209,0,1,0.07,TRUE
2101,1477782000,16.2073,35.1467,4.55,2101,0,0,0,0.19,TRUE
2114,1478217600,19.87,41.81,4.15,2114,0,0,0,0.07,TRUE
2124,1481241600,10.4815,44.3328,4.02,2124,0,0,0,0.19,TRUE
2125,1481241600,16.3308,43.425,4.44,2125,0,0,0,0.07,TRUE
2127,1482451200,18.5358,42.4788,4.14,2127,0,0,0,0.07,TRUE
2141,1485475200,19.7534,40.8006,4.6,2141,0,0,0,0.07,TRUE
2148,1488672000,6.74,36.55,4.68,2148,0,0,0,0.07,TRUE
2149,1488758400,8.9118,46.9247,4.2,2149,0,0,0,0.07,TRUE
2150,1491606000,19.9353,41.7542,4.93,2150,0,0,0,0.07,TRUE
2151,1492902000,15.7848,41.8293,4.06,2151,0,0,0,0.07,TRUE
2155,1497913200,11.5167,44.2038,4.14,2155,0,0,0,0.07,TRUE
2159,1502233200,14.7328,45.1307,4.13,2159,210,0,1,0.07,TRUE
2160,1502406000,15.8505,39.2918,4.4,2160,0,0,0,0.07,TRUE
2161,1503442800,9.5902,46.3205,4.56,2161,0,0,0,0.37,TRUE
2162,1503615600,15.235,35.5687,4.1,2162,0,0,0,0.07,TRUE
2164,1508886000,17.52,43.71,4.35,2164,0,0,0,0.07,TRUE
2165,1509408000,11.09,36.6,4.15,2165,0,0,0,0.07,TRUE
2166,1511049600,10.0337,44.6603,4.6,2166,0,0,0,0.07,TRUE
2168,1513209600,19.76,37.66,4.13,2168,0,0,0,0.07,TRUE
2169,1515024000,19.8865,42.619,5.14,2169,211,0,1,0.07,TRUE
2170,1516147200,13.5683,46.3163,4.06,2170,0,0,0,0.19,TRUE
2171,1516320000,13.0562,46.4198,4,2171,0,0,0,0.19,TRUE
2172,1517616000,16.853,43.3178,4.28,2172,0,0,0,0.07,TRUE
2174,1518739200,15.5733,39.7797,4.07,2174,0,0,0,0.19,TRUE
2175,1520208000,11.9653,43.9293,4.02,2175,0,0,0,0.07,TRUE
2176,1520380800,14.5012,39.325,4.55,2176,0,0,0,0.19,TRUE
2177,1520467200,10.2568,36.9352,4.37,2177,0,0,0,0.07,TRUE
2179,1523142000,19.9592,39.1102,4.1,2179,0,0,0,0.19,TRUE
2181,1524610800,14.8598,41.8785,4.44,2181,0,0,0,0.07,TRUE
2182,1525129200,10.9312,43.228,4.08,2182,0,0,0,0.07,TRUE
2183,1526684400,9.6822,44.8233,4.14,2183,0,0,0,0.07,TRUE
2184,1526684400,19.78,40.32,4.49,2184,212,0,1,0.07,TRUE
2186,1526857200,13.0978,36.0047,4.01,2186,0,0,0,0.19,TRUE
2188,1530658800,19.563,41.4475,5.15,2188,213,0,1,0.07,TRUE
2192,1531522800,15.7642,38.6983,4.36,2192,0,0,0,0.07,TRUE
2195,1534374000,14.8648,41.8742,5.26,2195,214,0,1,0.07,TRUE
2197,1534633200,13.3662,39.349,4.69,2197,0,0,0,0.19,TRUE
2198,1535583600,16.5674,44.0402,4.32,2198,0,0,0,0.07,TRUE
2199,1538089200,15.731,38.3852,4.21,2199,0,0,0,0.07,TRUE
2201,1542067200,19.32,42.01,4.44,2201,0,0,0,0.07,TRUE
2202,1542499200,12.4858,44.0513,4.26,2202,0,0,0,0.07,TRUE
2206,1545782400,15.116,37.644,5.05,2206,215,0,1,0.07,TRUE
2207,1546300800,13.5488,41.8777,4.3,2207,0,0,0,0.07,TRUE
2208,1546560000,19.82,40.2,4.62,2208,0,0,0,0.07,TRUE
2210,1547424000,12.2857,44.3467,4.47,2210,0,0,0,0.07,TRUE
2211,1558998000,6.7633,46.3388,4.02,2211,0,0,0,0.19,TRUE
2212,1562540400,14.8932,37.6667,4.03,2212,0,0,0,0.07,TRUE
2213,1567292400,13.1307,42.7977,4.19,2213,0,0,0,0.07,TRUE
2214,1567983600,15.5903,39.3232,4.41,2214,0,0,0,0.07,TRUE
2217,1569020400,15.1498,40.3645,4.42,2217,0,0,0,0.07,TRUE
2218,1570402800,16.4492,38.8933,4.19,2218,0,0,0,0.07,TRUE
2219,1571094000,17.1465,39.2125,4.11,2219,0,0,0,0.07,TRUE
2220,1571958000,15.4323,39.7002,4.5,2220,0,0,0,0.07,TRUE
2221,1572480000,17.5447,38.8938,4.27,2221,0,0,0,0.07,TRUE
2222,1572652800,17.54,44.38,4.89,2222,0,0,0,0.07,TRUE
2223,1573084800,13.6043,41.7762,4.62,2223,0,0,0,0.07,TRUE
2225,1574726400,19.5207,41.3998,6.42,2225,216,0,1,0.07,TRUE
2230,1574726400,17.981,43.1631,5.36,2230,0,0,0,0.07,TRUE
2240,1575676800,13.2633,42.4628,4,2240,0,0,0,0.07,TRUE
2242,1575849600,11.3192,44.0047,4.7,2242,0,0,0,0.07,TRUE
2243,1576454400,14.7363,41.0818,4.13,2243,0,0,0,0.07,TRUE
2244,1578009600,15.4343,38.4557,4.02,2244,0,0,0,0.19,TRUE
2245,1579132800,16.6207,39.0733,4.02,2245,0,0,0,0.07,TRUE
2246,1582502400,16.241,39.3608,4.45,2246,0,0,0,0.07,TRUE
2247,1584230400,13.6737,39.5498,4.52,2247,0,0,0,0.19,TRUE
2248,1584403200,16.0138,39.04,4.05,2248,0,0,0,0.07,TRUE
2249,1584835200,15.946,45.8517,5.34,2249,217,0,1,0.07,TRUE
2251,1585868400,17.2222,39.0765,4.15,2251,218,0,1,0.07,TRUE
2253,1586991600,9.3967,44.6618,4.32,2253,0,0,0,0.07,TRUE
2254,1587855600,14.1517,40.8285,4.27,2254,0,0,0,0.37,TRUE
2255,1589324400,15.24,35.21,4.39,2255,0,0,0,0.19,TRUE
